phase,step,loss,validation_bpb,tokens_per_second,total_minutes
base,0,10.397551,3.195800,6072,0.00
base,1,10.396379,,10180,0.00
base,2,10.394470,,10225,0.00
base,3,10.391348,,10257,0.00
base,4,10.387522,,10295,0.00
base,5,10.382877,,10258,0.00
base,6,10.376017,,10499,0.00
base,7,10.368099,,10443,0.00
base,8,10.357552,,10082,0.00
base,9,10.344278,,10783,0.00
base,10,10.327322,,10290,0.00
base,11,10.305425,,10701,0.03
base,12,10.277484,,10315,0.05
base,13,10.243526,,10422,0.08
base,14,10.202690,,10560,0.10
base,15,10.143537,,10480,0.13
base,16,10.063040,,10663,0.16
base,17,9.944315,,10477,0.18
base,18,9.839947,,11111,0.21
base,19,9.682587,,10352,0.23
base,20,9.535879,,10392,0.26
base,21,9.390616,,11108,0.28
base,22,9.242283,,11229,0.31
base,23,9.089623,,10738,0.33
base,24,8.955663,,10860,0.36
base,25,8.814061,,10690,0.38
base,26,8.687078,,10900,0.41
base,27,8.568739,,10989,0.43
base,28,8.468792,,10838,0.46
base,29,8.378134,,10378,0.49
base,30,8.289777,,10725,0.51
base,31,8.202727,,11002,0.54
base,32,8.117556,,11017,0.56
base,33,8.038115,,10919,0.59
base,34,7.958634,,11054,0.61
base,35,7.889547,,11187,0.63
base,36,7.834000,,10900,0.66
base,37,7.772990,,11398,0.68
base,38,7.704178,,11327,0.71
base,39,7.635180,,10618,0.73
base,40,7.570863,,10576,0.76
base,41,7.506861,,11214,0.78
base,42,7.463189,,10822,0.81
base,43,7.400624,,11163,0.83
base,44,7.350554,,10684,0.86
base,45,7.304329,,10052,0.89
base,46,7.262331,,10275,0.91
base,47,7.219421,,10718,0.94
base,48,7.165313,,10592,0.96
base,49,7.133292,,11043,0.99
base,50,7.101772,,10827,1.01
base,51,7.083357,,10560,1.04
base,52,7.053215,,10473,1.07
base,53,7.035129,,10551,1.09
base,54,6.989665,,10195,1.12
base,55,6.964000,,10372,1.14
base,56,6.947931,,10811,1.17
base,57,6.912264,,11042,1.19
base,58,6.882016,,10706,1.22
base,59,6.852830,,11504,1.24
base,60,6.823568,,11217,1.27
base,61,6.804969,,11078,1.29
base,62,6.788221,,10961,1.32
base,63,6.749067,,10619,1.34
base,64,6.738475,,10626,1.37
base,65,6.728843,,10577,1.40
base,66,6.714016,,10545,1.42
base,67,6.694574,,10278,1.45
base,68,6.692098,,10514,1.47
base,69,6.678002,,10545,1.50
base,70,6.671523,,10602,1.53
base,71,6.661179,,10273,1.55
base,72,6.651430,,10763,1.58
base,73,6.630572,,10706,1.60
base,74,6.603403,,10657,1.63
base,75,6.588104,,10460,1.65
base,76,6.587701,,11327,1.68
base,77,6.565280,,10339,1.70
base,78,6.555304,,10448,1.73
base,79,6.548659,,10844,1.76
base,80,6.539865,,10630,1.78
base,81,6.538257,,10690,1.81
base,82,6.536972,,10540,1.83
base,83,6.524735,,10378,1.86
base,84,6.505210,,10421,1.89
base,85,6.492740,,10927,1.91
base,86,6.475678,,10562,1.94
base,87,6.464394,,10754,1.96
base,88,6.448489,,10776,1.99
base,89,6.434203,,10868,2.01
base,90,6.441341,,10020,2.04
base,91,6.437485,,10146,2.07
base,92,6.429016,,10313,2.09
base,93,6.419055,,10533,2.12
base,94,6.408738,,10786,2.14
base,95,6.407279,,10471,2.17
base,96,6.396828,,10262,2.20
base,97,6.395266,,10912,2.22
base,98,6.395747,,10429,2.25
base,99,6.381023,,10847,2.27
base,100,6.374492,1.940739,10513,2.30
base,101,6.382511,,11273,2.32
base,102,6.391588,,10706,2.35
base,103,6.376159,,11642,2.37
base,104,6.371054,,10650,2.40
base,105,6.358719,,10925,2.42
base,106,6.334715,,10795,2.45
base,107,6.331013,,10570,2.47
base,108,6.325513,,10959,2.50
base,109,6.317564,,10967,2.52
base,110,6.324177,,11283,2.55
base,111,6.305012,,10688,2.57
base,112,6.291364,,11351,2.60
base,113,6.290430,,10517,2.62
base,114,6.269876,,10874,2.65
base,115,6.261721,,11149,2.67
base,116,6.255419,,10603,2.70
base,117,6.247732,,10632,2.72
base,118,6.234220,,11364,2.75
base,119,6.219800,,11069,2.77
base,120,6.214485,,10550,2.80
base,121,6.212358,,11404,2.82
base,122,6.192365,,10304,2.85
base,123,6.186865,,10563,2.88
base,124,6.189053,,10867,2.90
base,125,6.180514,,10455,2.93
base,126,6.186722,,10801,2.95
base,127,6.183503,,10782,2.98
base,128,6.181052,,10863,3.00
base,129,6.187194,,11098,3.03
base,130,6.186514,,10426,3.05
base,131,6.198681,,10722,3.08
base,132,6.200714,,10536,3.10
base,133,6.201287,,10952,3.13
base,134,6.181327,,11087,3.15
base,135,6.167849,,10473,3.18
base,136,6.166543,,10758,3.21
base,137,6.171512,,10495,3.23
base,138,6.166059,,10529,3.26
base,139,6.152405,,10912,3.28
base,140,6.150906,,10407,3.31
base,141,6.130319,,11128,3.33
base,142,6.115728,,10792,3.36
base,143,6.112214,,11065,3.38
base,144,6.095303,,10456,3.41
base,145,6.102110,,10688,3.44
base,146,6.098682,,10671,3.46
base,147,6.094050,,10390,3.49
base,148,6.084392,,10896,3.51
base,149,6.086993,,10855,3.54
base,150,6.083181,,10393,3.56
base,151,6.076826,,10732,3.59
base,152,6.059331,,10611,3.61
base,153,6.053442,,10429,3.64
base,154,6.033732,,10330,3.67
base,155,6.028668,,10559,3.69
base,156,6.010239,,10939,3.72
base,157,6.014835,,10971,3.74
base,158,6.011605,,10901,3.77
base,159,5.999794,,10518,3.79
base,160,5.989582,,10629,3.82
base,161,5.990903,,10582,3.85
base,162,5.987783,,10684,3.87
base,163,6.002036,,10436,3.90
base,164,5.981726,,11034,3.92
base,165,5.968579,,10743,3.95
base,166,5.967583,,10819,3.97
base,167,5.951714,,11275,4.00
base,168,5.945783,,11186,4.02
base,169,5.940500,,10678,4.05
base,170,5.950678,,10610,4.07
base,171,5.947413,,10406,4.10
base,172,5.954139,,10625,4.12
base,173,5.943631,,10646,4.15
base,174,5.936837,,10616,4.18
base,175,5.929783,,10435,4.20
base,176,5.920176,,10486,4.23
base,177,5.919326,,10640,4.25
base,178,5.912743,,10704,4.28
base,179,5.905216,,10311,4.31
base,180,5.913456,,10415,4.33
base,181,5.913663,,10519,4.36
base,182,5.894422,,10344,4.38
base,183,5.895891,,10638,4.41
base,184,5.885034,,11139,4.43
base,185,5.876505,,10374,4.46
base,186,5.869328,,11064,4.49
base,187,5.852204,,10931,4.51
base,188,5.841432,,10713,4.54
base,189,5.844644,,10762,4.56
base,190,5.823247,,10636,4.59
base,191,5.821768,,11115,4.61
base,192,5.815419,,11209,4.64
base,193,5.796020,,9433,4.67
base,194,5.789423,,10665,4.69
base,195,5.794910,,10507,4.72
base,196,5.786773,,9960,4.74
base,197,5.782012,,10091,4.77
base,198,5.770803,,10907,4.80
base,199,5.763850,,10374,4.82
base,200,5.764401,1.762539,9812,4.85
base,201,5.761644,,10099,4.88
base,202,5.756395,,9868,4.91
base,203,5.755178,,9434,4.93
base,204,5.751133,,10369,4.96
base,205,5.733379,,10010,4.99
base,206,5.733035,,9834,5.02
base,207,5.721256,,10278,5.04
base,208,5.718374,,9792,5.07
base,209,5.715814,,10262,5.10
base,210,5.712728,,10295,5.12
base,211,5.711733,,9906,5.15
base,212,5.697161,,10305,5.18
base,213,5.684103,,9793,5.20
base,214,5.692168,,10013,5.23
base,215,5.674148,,10562,5.26
base,216,5.658702,,10073,5.29
base,217,5.661307,,10429,5.31
base,218,5.659220,,9972,5.34
base,219,5.661297,,10128,5.37
base,220,5.663289,,10157,5.39
base,221,5.660094,,10211,5.42
base,222,5.657360,,10267,5.45
base,223,5.655507,,10081,5.47
base,224,5.661879,,10057,5.50
base,225,5.659769,,9052,5.53
base,226,5.658267,,9794,5.56
base,227,5.655967,,9896,5.59
base,228,5.640964,,10062,5.61
base,229,5.647281,,9543,5.64
base,230,5.651452,,9548,5.67
base,231,5.638759,,9738,5.70
base,232,5.651184,,9798,5.73
base,233,5.632380,,9777,5.75
base,234,5.628256,,9730,5.78
base,235,5.629410,,9639,5.81
base,236,5.627994,,9281,5.84
base,237,5.616953,,10223,5.87
base,238,5.593605,,10390,5.89
base,239,5.589511,,10446,5.92
base,240,5.584205,,9951,5.95
base,241,5.565292,,10466,5.97
base,242,5.565374,,9892,6.00
base,243,5.562125,,10323,6.03
base,244,5.565357,,10457,6.05
base,245,5.559179,,9217,6.08
base,246,5.555552,,9025,6.11
base,247,5.562621,,9877,6.14
base,248,5.566139,,9805,6.17
base,249,5.575532,,9654,6.20
base,250,5.576837,,9825,6.22
base,251,5.565696,,9118,6.25
base,252,5.566778,,9647,6.28
base,253,5.556329,,9809,6.31
base,254,5.543026,,9777,6.34
base,255,5.541201,,9509,6.37
base,256,5.538798,,9632,6.40
base,257,5.533085,,9707,6.42
base,258,5.537031,,9649,6.45
base,259,5.536816,,9137,6.48
base,260,5.518691,,9618,6.51
base,261,5.525145,,9992,6.54
base,262,5.520065,,10023,6.56
base,263,5.501037,,9754,6.59
base,264,5.490790,,10134,6.62
base,265,5.487932,,9783,6.65
base,266,5.487969,,10137,6.67
base,267,5.496381,,10200,6.70
base,268,5.498656,,10285,6.73
base,269,5.495988,,9929,6.76
base,270,5.494039,,10023,6.78
base,271,5.507184,,9991,6.81
base,272,5.497855,,9963,6.84
base,273,5.490445,,9822,6.86
base,274,5.482510,,10131,6.89
base,275,5.476741,,10641,6.92
base,276,5.474291,,9783,6.95
base,277,5.464191,,9743,6.97
base,278,5.466116,,10342,7.00
base,279,5.462848,,9961,7.03
base,280,5.449016,,10263,7.05
base,281,5.445362,,9885,7.08
base,282,5.441971,,9942,7.11
base,283,5.427221,,10208,7.14
base,284,5.438101,,10094,7.16
base,285,5.429003,,8989,7.19
base,286,5.440138,,9545,7.22
base,287,5.438318,,9595,7.25
base,288,5.443456,,9869,7.28
base,289,5.426256,,9688,7.31
base,290,5.429140,,9488,7.33
base,291,5.420780,,10312,7.36
base,292,5.412205,,9734,7.39
base,293,5.411893,,9855,7.42
base,294,5.416116,,9716,7.45
base,295,5.414695,,9854,7.47
base,296,5.413544,,9964,7.50
base,297,5.407690,,9740,7.53
base,298,5.420718,,9709,7.56
base,299,5.414350,,9817,7.58
base,300,5.404131,1.656100,9333,7.61
base,301,5.397726,,10084,7.64
base,302,5.398089,,9825,7.67
base,303,5.393029,,8863,7.70
base,304,5.371437,,10132,7.73
base,305,5.373434,,9514,7.75
base,306,5.372479,,9324,7.78
base,307,5.377760,,9318,7.81
base,308,5.372427,,9766,7.84
base,309,5.363731,,9998,7.87
base,310,5.364087,,10140,7.90
base,311,5.344803,,10161,7.92
base,312,5.331326,,10179,7.95
base,313,5.338226,,10092,7.98
base,314,5.322125,,9733,8.00
base,315,5.320113,,10207,8.03
base,316,5.320336,,9841,8.06
base,317,5.314665,,10468,8.08
base,318,5.303667,,9937,8.11
base,319,5.315404,,10849,8.14
base,320,5.300634,,10659,8.16
base,321,5.313371,,10648,8.19
base,322,5.331101,,10125,8.22
base,323,5.321851,,10188,8.24
base,324,5.340584,,11251,8.27
base,325,5.330322,,10945,8.29
base,326,5.324779,,10673,8.32
base,327,5.338126,,10854,8.34
base,328,5.349283,,11200,8.37
base,329,5.352116,,11121,8.39
base,330,5.353620,,10840,8.42
base,331,5.339722,,11064,8.44
base,332,5.336779,,10455,8.47
base,333,5.322601,,10609,8.49
base,334,5.316690,,10580,8.52
base,335,5.313889,,10550,8.54
base,336,5.315608,,10998,8.57
base,337,5.311719,,10919,8.59
base,338,5.302921,,10396,8.62
base,339,5.302530,,10830,8.65
base,340,5.292137,,10876,8.67
base,341,5.291826,,10571,8.70
base,342,5.283110,,10922,8.72
base,343,5.285799,,10499,8.75
base,344,5.279977,,11241,8.77
base,345,5.277602,,10367,8.80
base,346,5.293056,,10617,8.82
base,347,5.299342,,10422,8.85
base,348,5.293770,,10745,8.88
base,349,5.291455,,10720,8.90
base,350,5.292284,,10994,8.93
base,351,5.290899,,10512,8.95
base,352,5.281569,,10604,8.98
base,353,5.281701,,10796,9.00
base,354,5.286651,,10862,9.03
base,355,5.285504,,10601,9.05
base,356,5.289518,,10414,9.08
base,357,5.288929,,10140,9.11
base,358,5.284435,,10701,9.13
base,359,5.274110,,10744,9.16
base,360,5.281866,,10306,9.18
base,361,5.283601,,10221,9.21
base,362,5.281359,,10128,9.24
base,363,5.278649,,10050,9.27
base,364,5.265586,,10159,9.29
base,365,5.258490,,9907,9.32
base,366,5.257318,,10081,9.35
base,367,5.251466,,9894,9.37
base,368,5.248037,,10402,9.40
base,369,5.254873,,10091,9.43
base,370,5.244935,,10330,9.45
base,371,5.242706,,9981,9.48
base,372,5.235025,,9937,9.51
base,373,5.227520,,10297,9.54
base,374,5.224606,,9969,9.56
base,375,5.207938,,10163,9.59
base,376,5.215439,,10122,9.62
base,377,5.210800,,10053,9.64
base,378,5.205812,,9877,9.67
base,379,5.191068,,10124,9.70
base,380,5.192353,,10213,9.73
base,381,5.178041,,10155,9.75
base,382,5.177933,,9909,9.78
base,383,5.178089,,9807,9.81
base,384,5.163804,,10208,9.83
base,385,5.171951,,9983,9.86
base,386,5.179308,,10251,9.89
base,387,5.175034,,9925,9.92
base,388,5.175444,,10146,9.94
base,389,5.163338,,10205,9.97
base,390,5.167196,,10147,10.00
base,391,5.165009,,10074,10.02
base,392,5.170127,,10551,10.05
base,393,5.171063,,9961,10.08
base,394,5.158941,,10426,10.10
base,395,5.158210,,9886,10.13
base,396,5.150955,,10199,10.16
base,397,5.148353,,10288,10.18
base,398,5.146910,,10124,10.21
base,399,5.146665,,10885,10.24
base,400,5.162750,1.589013,10270,10.26
base,401,5.155845,,9691,10.29
base,402,5.138155,,10739,10.32
base,403,5.139855,,9989,10.34
base,404,5.149782,,11046,10.37
base,405,5.142798,,10581,10.39
base,406,5.144747,,10080,10.42
base,407,5.129845,,10155,10.45
base,408,5.117839,,10192,10.48
base,409,5.110619,,10088,10.50
base,410,5.121897,,10151,10.53
base,411,5.117535,,10539,10.56
base,412,5.126947,,10242,10.58
base,413,5.133386,,10755,10.61
base,414,5.128783,,11076,10.63
base,415,5.126750,,10842,10.66
base,416,5.132171,,10931,10.68
base,417,5.120701,,10632,10.71
base,418,5.126056,,11047,10.73
base,419,5.127744,,11209,10.76
base,420,5.130331,,10511,10.78
base,421,5.134757,,9967,10.81
base,422,5.133029,,11336,10.83
base,423,5.135137,,10045,10.86
base,424,5.134164,,10044,10.89
base,425,5.132793,,10872,10.91
base,426,5.131282,,10272,10.94
base,427,5.130493,,11044,10.96
base,428,5.115971,,10925,10.99
base,429,5.130174,,11118,11.01
base,430,5.122094,,10962,11.04
base,431,5.099120,,11106,11.06
base,432,5.109051,,10904,11.09
base,433,5.115782,,10462,11.12
base,434,5.123273,,10996,11.14
base,435,5.119873,,10387,11.17
base,436,5.116569,,11147,11.19
base,437,5.115448,,11102,11.22
base,438,5.123473,,10892,11.24
base,439,5.102357,,11016,11.27
base,440,5.086470,,10694,11.29
base,441,5.083984,,10504,11.32
base,442,5.082578,,10082,11.34
base,443,5.091238,,9215,11.37
base,444,5.102613,,9651,11.40
base,445,5.097041,,9443,11.43
base,446,5.089694,,9581,11.46
base,447,5.094113,,9473,11.49
base,448,5.076484,,9505,11.52
base,449,5.081294,,9369,11.55
base,450,5.081637,,9420,11.57
base,451,5.070259,,9432,11.60
base,452,5.075004,,9782,11.63
base,453,5.093108,,9508,11.66
base,454,5.091906,,9581,11.69
base,455,5.081114,,9899,11.72
base,456,5.085234,,9336,11.75
base,457,5.079938,,9448,11.77
base,458,5.069873,,9329,11.80
base,459,5.068410,,9666,11.83
base,460,5.052966,,9745,11.86
base,461,5.046207,,9665,11.89
base,462,5.039496,,9592,11.92
base,463,5.051601,,8148,11.95
base,464,5.044780,,9535,11.98
base,465,5.046777,,9468,12.01
base,466,5.023136,,9629,12.04
base,467,5.016066,,9854,12.06
base,468,5.026448,,9325,12.09
base,469,5.036847,,9184,12.12
base,470,5.045063,,9618,12.15
base,471,5.036939,,9216,12.18
base,472,5.014714,,9453,12.21
base,473,5.027264,,9498,12.24
base,474,5.021803,,9714,12.27
base,475,5.029893,,9364,12.30
base,476,5.038981,,9697,12.32
base,477,5.052397,,9401,12.35
base,478,5.039770,,9366,12.38
base,479,5.032304,,9421,12.41
base,480,5.030068,,9569,12.44
base,481,5.031350,,9564,12.47
base,482,5.037476,,9824,12.50
base,483,5.032343,,9679,12.52
base,484,5.032431,,9272,12.55
base,485,5.013612,,9965,12.58
base,486,5.005050,,9693,12.61
base,487,4.992436,,9800,12.64
base,488,4.993002,,9808,12.67
base,489,4.992734,,10037,12.69
base,490,4.984846,,9634,12.72
base,491,4.983747,,9961,12.75
base,492,4.960795,,9640,12.78
base,493,4.960509,,9843,12.80
base,494,4.956774,,9862,12.83
base,495,4.956656,,9618,12.86
base,496,4.967337,,9703,12.89
base,497,4.970128,,9629,12.92
base,498,4.964654,,9977,12.94
base,499,4.967073,,9824,12.97
base,500,4.956850,1.530241,9453,13.00
base,501,4.949587,,9802,13.03
base,502,4.949116,,10063,13.06
base,503,4.961250,,9893,13.08
base,504,4.950739,,9895,13.11
base,505,4.938183,,9900,13.14
base,506,4.933513,,9827,13.17
base,507,4.920662,,9830,13.19
base,508,4.927239,,10059,13.22
base,509,4.936050,,9771,13.25
base,510,4.924076,,9616,13.28
base,511,4.917610,,9733,13.31
base,512,4.901268,,9721,13.33
base,513,4.897140,,9826,13.36
base,514,4.901928,,9930,13.39
base,515,4.898617,,10010,13.42
base,516,4.884616,,9869,13.44
base,517,4.883983,,9814,13.47
base,518,4.880980,,9775,13.50
base,519,4.881885,,9710,13.53
base,520,4.890756,,9844,13.56
base,521,4.893724,,9817,13.58
base,522,4.879406,,9920,13.61
base,523,4.880446,,9817,13.64
base,524,4.887979,,9877,13.67
base,525,4.877457,,9914,13.69
base,526,4.890098,,10030,13.72
base,527,4.864105,,9615,13.75
base,528,4.861552,,10118,13.78
base,529,4.872519,,9853,13.80
base,530,4.872726,,9862,13.83
base,531,4.880007,,9784,13.86
base,532,4.863036,,9865,13.89
base,533,4.857250,,9888,13.92
base,534,4.869319,,9952,13.94
base,535,4.878481,,10047,13.97
base,536,4.877163,,9788,14.00
base,537,4.886117,,9738,14.03
base,538,4.875892,,9834,14.05
base,539,4.861840,,10021,14.08
base,540,4.869928,,9810,14.11
base,541,4.878575,,10003,14.14
base,542,4.867279,,9896,14.16
base,543,4.877878,,10032,14.19
base,544,4.881561,,9855,14.22
base,545,4.878375,,9699,14.25
base,546,4.876958,,10017,14.27
base,547,4.874567,,9805,14.30
base,548,4.874901,,9907,14.33
base,549,4.877691,,9929,14.36
base,550,4.885866,,9953,14.38
base,551,4.906774,,9833,14.41
base,552,4.898321,,10004,14.44
base,553,4.906621,,9760,14.47
base,554,4.897605,,9848,14.49
base,555,4.891800,,10022,14.52
base,556,4.879922,,9884,14.55
base,557,4.879313,,10073,14.58
base,558,4.883795,,9881,14.60
base,559,4.875627,,9700,14.63
base,560,4.868364,,9930,14.66
base,561,4.869431,,9751,14.69
base,562,4.870519,,9725,14.72
base,563,4.868865,,9700,14.74
base,564,4.883295,,9669,14.77
base,565,4.878025,,9769,14.80
base,566,4.873573,,9670,14.83
base,567,4.867673,,9281,14.86
base,568,4.853822,,9504,14.89
base,569,4.853931,,9363,14.92
base,570,4.851223,,9478,14.94
base,571,4.841429,,9307,14.97
base,572,4.834403,,9713,15.00
base,573,4.832754,,9660,15.03
base,574,4.829320,,9505,15.06
base,575,4.824542,,9301,15.09
base,576,4.825003,,9652,15.12
base,577,4.811555,,9651,15.15
base,578,4.807698,,10045,15.17
base,579,4.805619,,9829,15.20
base,580,4.803307,,9474,15.23
base,581,4.790114,,9371,15.26
base,582,4.794996,,9427,15.29
base,583,4.804350,,9300,15.32
base,584,4.813474,,9445,15.35
base,585,4.815761,,9763,15.37
base,586,4.820310,,9821,15.40
base,587,4.824628,,9889,15.43
base,588,4.831829,,9921,15.46
base,589,4.817143,,9790,15.48
base,590,4.823867,,9972,15.51
base,591,4.818290,,9835,15.54
base,592,4.839511,,9643,15.57
base,593,4.838007,,9222,15.60
base,594,4.828703,,9554,15.63
base,595,4.832279,,9266,15.66
base,596,4.822536,,9633,15.68
base,597,4.832865,,9403,15.71
base,598,4.836873,,9373,15.74
base,599,4.828687,,10033,15.77
base,600,4.823979,1.478824,9572,15.80
base,601,4.804806,,9196,15.83
base,602,4.803033,,10038,15.85
base,603,4.791107,,8931,15.89
base,604,4.803603,,10276,15.91
base,605,4.805458,,8825,15.94
base,606,4.802805,,9950,15.97
base,607,4.799197,,9858,16.00
base,608,4.796039,,9602,16.03
base,609,4.797841,,9797,16.05
base,610,4.803635,,9380,16.08
base,611,4.808378,,10268,16.11
base,612,4.802361,,10157,16.14
base,613,4.807316,,9802,16.16
base,614,4.801516,,9908,16.19
base,615,4.781642,,9867,16.22
base,616,4.779086,,8893,16.25
base,617,4.787783,,10677,16.28
base,618,4.761959,,10503,16.30
base,619,4.761951,,10271,16.33
base,620,4.761780,,10317,16.36
base,621,4.755931,,10405,16.38
base,622,4.752261,,10468,16.41
base,623,4.753412,,10821,16.43
base,624,4.754706,,10413,16.46
base,625,4.749621,,10195,16.49
base,626,4.750358,,9956,16.51
base,627,4.753597,,10365,16.54
base,628,4.754582,,10232,16.57
base,629,4.760643,,10513,16.59
base,630,4.765540,,10449,16.62
base,631,4.772974,,10474,16.64
base,632,4.764733,,10583,16.67
base,633,4.780094,,10434,16.70
base,634,4.777510,,10346,16.72
base,635,4.770446,,10366,16.75
base,636,4.755867,,10491,16.77
base,637,4.746921,,10608,16.80
base,638,4.735290,,10566,16.83
base,639,4.734638,,10524,16.85
base,640,4.748764,,10457,16.88
base,641,4.738111,,10162,16.91
base,642,4.723390,,10071,16.93
base,643,4.724755,,9695,16.96
base,644,4.728417,,10553,16.99
base,645,4.733562,,10459,17.01
base,646,4.742740,,9882,17.04
base,647,4.733669,,10081,17.07
base,648,4.743961,,10231,17.09
base,649,4.734490,,10561,17.12
base,650,4.733596,,10477,17.15
base,651,4.716583,,10003,17.17
base,652,4.718582,,10206,17.20
base,653,4.712066,,9976,17.23
base,654,4.719608,,10394,17.25
base,655,4.716257,,9917,17.28
base,656,4.713249,,9733,17.31
base,657,4.708714,,10043,17.34
base,658,4.704379,,8946,17.37
base,659,4.683182,,8549,17.40
base,660,4.678739,,9926,17.43
base,661,4.680138,,9995,17.45
base,662,4.681672,,9753,17.48
base,663,4.671904,,9923,17.51
base,664,4.683367,,10143,17.54
base,665,4.679605,,10042,17.56
base,666,4.697346,,9985,17.59
base,667,4.688920,,9984,17.62
base,668,4.688351,,10409,17.64
base,669,4.686423,,9753,17.67
base,670,4.683746,,9831,17.70
base,671,4.682674,,10058,17.73
base,672,4.691722,,9982,17.75
base,673,4.704726,,9560,17.78
base,674,4.705643,,10048,17.81
base,675,4.698189,,10375,17.84
base,676,4.694763,,10439,17.86
base,677,4.703373,,10548,17.89
base,678,4.713208,,10198,17.92
base,679,4.689981,,10437,17.94
base,680,4.682552,,10398,17.97
base,681,4.684155,,10527,17.99
base,682,4.663156,,10426,18.02
base,683,4.679922,,10290,18.05
base,684,4.677192,,10406,18.07
base,685,4.668968,,10362,18.10
base,686,4.665887,,10365,18.13
base,687,4.670931,,10479,18.15
base,688,4.672495,,10418,18.18
base,689,4.668472,,10197,18.20
base,690,4.664247,,10689,18.23
base,691,4.680306,,10266,18.26
base,692,4.684585,,10615,18.28
base,693,4.675157,,10314,18.31
base,694,4.675794,,10461,18.34
base,695,4.678276,,10575,18.36
base,696,4.676260,,10483,18.39
base,697,4.675792,,10083,18.41
base,698,4.682544,,10309,18.44
base,699,4.674581,,10431,18.47
base,700,4.652661,1.438952,9924,18.49
base,701,4.673694,,10689,18.52
base,702,4.669472,,10412,18.55
base,703,4.668616,,10338,18.57
base,704,4.668388,,10303,18.60
base,705,4.665897,,10446,18.62
base,706,4.664133,,10542,18.65
base,707,4.668390,,10464,18.68
base,708,4.665971,,10628,18.70
base,709,4.649499,,10251,18.73
base,710,4.650498,,10499,18.76
base,711,4.653602,,10211,18.78
base,712,4.643780,,10417,18.81
base,713,4.633733,,10431,18.83
base,714,4.636067,,10515,18.86
base,715,4.636061,,10507,18.89
base,716,4.643840,,10539,18.91
base,717,4.649990,,10512,18.94
base,718,4.642071,,10198,18.97
base,719,4.647815,,10444,18.99
base,720,4.640717,,10381,19.02
base,721,4.632852,,10333,19.04
base,722,4.631716,,10314,19.07
base,723,4.619285,,10542,19.10
base,724,4.621219,,10355,19.12
base,725,4.614802,,10239,19.15
base,726,4.621295,,10560,19.18
base,727,4.628454,,10390,19.20
base,728,4.634373,,10573,19.23
base,729,4.632843,,10532,19.25
base,730,4.630248,,10491,19.28
base,731,4.627596,,10457,19.31
base,732,4.626248,,10424,19.33
base,733,4.627018,,10293,19.36
base,734,4.612450,,10367,19.38
base,735,4.613582,,10375,19.41
base,736,4.619878,,10566,19.44
base,737,4.606440,,10466,19.46
base,738,4.607200,,10305,19.49
base,739,4.612818,,10361,19.52
base,740,4.602916,,10295,19.54
base,741,4.613979,,10565,19.57
base,742,4.616226,,10463,19.59
base,743,4.618436,,10368,19.62
base,744,4.627637,,10631,19.65
base,745,4.622462,,10397,19.67
base,746,4.610821,,10308,19.70
base,747,4.606279,,10413,19.72
base,748,4.603318,,10421,19.75
base,749,4.607471,,10381,19.78
base,750,4.616681,,10425,19.80
base,751,4.611172,,10167,19.83
base,752,4.609200,,10062,19.86
base,753,4.605717,,10278,19.88
base,754,4.602000,,10485,19.91
base,755,4.589204,,10556,19.94
base,756,4.611078,,10404,19.96
base,757,4.596667,,10337,19.99
base,758,4.594963,,10297,20.02
base,759,4.585065,,10249,20.04
base,760,4.588870,,10096,20.07
base,761,4.599227,,10015,20.10
base,762,4.605298,,10284,20.12
base,763,4.606098,,9801,20.15
base,764,4.603905,,10397,20.18
base,765,4.591936,,10096,20.20
base,766,4.584822,,9754,20.23
base,767,4.572929,,9910,20.26
base,768,4.576004,,9721,20.29
base,769,4.589318,,10048,20.31
base,770,4.569685,,10276,20.34
base,771,4.565818,,10022,20.37
base,772,4.569205,,10688,20.39
base,773,4.570749,,10403,20.42
base,774,4.571912,,10435,20.45
base,775,4.572664,,10647,20.47
base,776,4.580788,,9929,20.50
base,777,4.575356,,9980,20.53
base,778,4.570386,,10146,20.55
base,779,4.574854,,10053,20.58
base,780,4.565452,,10049,20.61
base,781,4.560358,,10237,20.64
base,782,4.564773,,10165,20.66
base,783,4.567073,,10123,20.69
base,784,4.567803,,10193,20.72
base,785,4.565484,,10251,20.74
base,786,4.570294,,10470,20.77
base,787,4.565549,,10382,20.79
base,788,4.565256,,10506,20.82
base,789,4.563891,,10467,20.85
base,790,4.554214,,10173,20.87
base,791,4.563933,,10186,20.90
base,792,4.555909,,10195,20.93
base,793,4.556955,,10377,20.95
base,794,4.556871,,10322,20.98
base,795,4.557344,,10169,21.01
base,796,4.559523,,10323,21.03
base,797,4.554977,,10129,21.06
base,798,4.565494,,10084,21.09
base,799,4.578864,,10321,21.11
base,800,4.580388,1.411252,7057,21.15
base,801,4.574565,,9872,21.18
base,802,4.580489,,10463,21.21
base,803,4.573317,,10322,21.23
base,804,4.581579,,10281,21.26
base,805,4.568244,,9977,21.29
base,806,4.571696,,9889,21.31
base,807,4.571638,,10140,21.34
base,808,4.573259,,10436,21.37
base,809,4.568250,,10424,21.39
base,810,4.561031,,10080,21.42
base,811,4.572170,,10067,21.45
base,812,4.568694,,10104,21.47
base,813,4.569724,,9803,21.50
base,814,4.573468,,10414,21.53
base,815,4.587301,,10338,21.56
base,816,4.571643,,10159,21.58
base,817,4.568167,,10434,21.61
base,818,4.576584,,10499,21.63
base,819,4.582908,,10575,21.66
base,820,4.583492,,10488,21.69
base,821,4.568082,,10634,21.71
base,822,4.558084,,10445,21.74
base,823,4.559773,,10648,21.76
base,824,4.563788,,10519,21.79
base,825,4.571987,,10357,21.82
base,826,4.572630,,10275,21.84
base,827,4.559163,,10287,21.87
base,828,4.552434,,9721,21.90
base,829,4.546507,,10530,21.92
base,830,4.545770,,10484,21.95
base,831,4.544633,,10188,21.98
base,832,4.523327,,10157,22.00
base,833,4.531875,,10220,22.03
base,834,4.519552,,10233,22.06
base,835,4.521001,,10370,22.08
base,836,4.508763,,10479,22.11
base,837,4.493310,,10465,22.13
base,838,4.484567,,10197,22.16
base,839,4.485169,,10259,22.19
base,840,4.466842,,10314,22.21
base,841,4.488652,,10259,22.24
base,842,4.481103,,10524,22.27
base,843,4.498050,,10295,22.29
base,844,4.497544,,10398,22.32
base,845,4.502880,,10531,22.35
base,846,4.519438,,10343,22.37
base,847,4.512396,,10586,22.40
base,848,4.524231,,10351,22.42
base,849,4.523557,,10400,22.45
base,850,4.529269,,10217,22.48
base,851,4.527079,,10154,22.50
base,852,4.524760,,10325,22.53
base,853,4.524528,,10299,22.56
base,854,4.523368,,9970,22.58
base,855,4.518841,,10164,22.61
base,856,4.505224,,10288,22.64
base,857,4.501066,,9978,22.67
base,858,4.497214,,10356,22.69
base,859,4.490352,,10499,22.72
base,860,4.495922,,10025,22.74
base,861,4.515897,,10091,22.77
base,862,4.508312,,10197,22.80
base,863,4.494448,,9874,22.83
base,864,4.505039,,10530,22.85
base,865,4.505402,,10572,22.88
base,866,4.496367,,10643,22.90
base,867,4.511222,,10519,22.93
base,868,4.513799,,10187,22.96
base,869,4.501539,,9953,22.98
base,870,4.499187,,9302,23.01
base,871,4.512411,,10214,23.04
base,872,4.512756,,10288,23.07
base,873,4.512226,,8838,23.10
base,874,4.498362,,9975,23.12
base,875,4.509969,,9749,23.15
base,876,4.506426,,10289,23.18
base,877,4.506857,,10352,23.21
base,878,4.496222,,9574,23.23
base,879,4.498181,,10484,23.26
base,880,4.501121,,10240,23.29
base,881,4.516012,,10033,23.31
base,882,4.519471,,10362,23.34
base,883,4.511841,,10133,23.37
base,884,4.502351,,10140,23.39
base,885,4.496134,,10028,23.42
base,886,4.500853,,10205,23.45
base,887,4.499943,,10315,23.47
base,888,4.491069,,10454,23.50
base,889,4.500552,,10314,23.53
base,890,4.509080,,10260,23.55
base,891,4.505759,,9983,23.58
base,892,4.510357,,9732,23.61
base,893,4.509765,,9809,23.64
base,894,4.515476,,10174,23.66
base,895,4.505910,,10315,23.69
base,896,4.515543,,10221,23.72
base,897,4.513475,,10358,23.74
base,898,4.500135,,9883,23.77
base,899,4.492823,,10405,23.80
base,900,4.493711,1.389210,9976,23.83
base,901,4.495232,,10296,23.85
base,902,4.494038,,10156,23.88
base,903,4.505275,,10538,23.90
base,904,4.499391,,10385,23.93
base,905,4.493774,,10380,23.96
base,906,4.476993,,10106,23.98
base,907,4.480449,,10120,24.01
base,908,4.481853,,10178,24.04
base,909,4.467052,,10468,24.06
base,910,4.473825,,10324,24.09
base,911,4.472921,,10144,24.12
base,912,4.470727,,10293,24.14
base,913,4.460674,,10141,24.17
base,914,4.455225,,10195,24.20
base,915,4.436796,,10402,24.22
base,916,4.455251,,10160,24.25
base,917,4.458975,,9234,24.28
base,918,4.468806,,8803,24.31
base,919,4.474115,,9559,24.34
base,920,4.474206,,9742,24.37
base,921,4.471156,,8921,24.40
base,922,4.469614,,9150,24.43
base,923,4.477626,,10355,24.45
base,924,4.470897,,10189,24.48
base,925,4.459707,,10067,24.51
base,926,4.466975,,10145,24.54
base,927,4.463994,,10202,24.56
base,928,4.456122,,10125,24.59
base,929,4.457654,,10437,24.62
base,930,4.460998,,9667,24.64
base,931,4.458432,,9952,24.67
base,932,4.452750,,9868,24.70
base,933,4.442058,,10119,24.73
base,934,4.436472,,10240,24.75
base,935,4.456891,,10008,24.78
base,936,4.462962,,10310,24.81
base,937,4.463555,,10329,24.83
base,938,4.463154,,10512,24.86
base,939,4.477996,,10363,24.88
base,940,4.466556,,10235,24.91
base,941,4.454611,,10218,24.94
base,942,4.453937,,10414,24.96
base,943,4.452801,,10419,24.99
base,944,4.447253,,10465,25.02
base,945,4.466573,,10576,25.04
base,946,4.454063,,10367,25.07
base,947,4.459854,,10289,25.10
base,948,4.467468,,10395,25.12
base,949,4.471551,,10430,25.15
base,950,4.465269,,10543,25.17
base,951,4.465691,,10392,25.20
base,952,4.448087,,10621,25.23
base,953,4.445159,,10425,25.25
base,954,4.449361,,10298,25.28
base,955,4.451447,,10672,25.30
base,956,4.459403,,10525,25.33
base,957,4.457230,,10287,25.36
base,958,4.459277,,10493,25.38
base,959,4.452698,,10542,25.41
base,960,4.446957,,10470,25.43
base,961,4.452467,,10504,25.46
base,962,4.456186,,10400,25.49
base,963,4.437612,,10622,25.51
base,964,4.446750,,10492,25.54
base,965,4.462723,,10589,25.56
base,966,4.455844,,10359,25.59
base,967,4.447490,,10495,25.62
base,968,4.447828,,10359,25.64
base,969,4.438618,,10652,25.67
base,970,4.419770,,10323,25.70
base,971,4.422287,,10082,25.72
base,972,4.416319,,10336,25.75
base,973,4.409622,,10159,25.78
base,974,4.415893,,10029,25.80
base,975,4.413749,,10299,25.83
base,976,4.414477,,9776,25.86
base,977,4.405266,,10263,25.88
base,978,4.383851,,9306,25.91
base,979,4.402540,,8940,25.94
base,980,4.397469,,9794,25.97
base,981,4.388618,,9669,26.00
base,982,4.387367,,9795,26.03
base,983,4.386861,,9537,26.06
base,984,4.380794,,9741,26.08
base,985,4.376461,,9964,26.11
base,986,4.386272,,9539,26.14
base,987,4.372638,,9637,26.17
base,988,4.368430,,9571,26.20
base,989,4.375752,,9473,26.23
base,990,4.375578,,9290,26.26
base,991,4.378647,,9472,26.28
base,992,4.388274,,9721,26.31
base,993,4.384134,,9507,26.34
base,994,4.389445,,9590,26.37
base,995,4.397208,,9446,26.40
base,996,4.383793,,9396,26.43
base,997,4.360792,,9477,26.46
base,998,4.360088,,9729,26.48
base,999,4.374241,,9878,26.51
base,1000,4.380859,1.371813,6838,26.55
base,1001,4.381770,,10099,26.58
base,1002,4.390199,,10564,26.60
base,1003,4.409095,,10332,26.63
base,1004,4.413947,,10303,26.66
base,1005,4.417300,,10492,26.68
base,1006,4.411008,,10352,26.71
base,1007,4.435591,,10472,26.74
base,1008,4.441953,,10242,26.76
base,1009,4.442867,,10569,26.79
base,1010,4.462763,,9864,26.82
base,1011,4.453047,,10135,26.84
base,1012,4.458602,,10468,26.87
base,1013,4.475096,,10331,26.90
base,1014,4.460769,,10452,26.92
base,1015,4.444605,,10324,26.95
base,1016,4.448264,,10630,26.97
base,1017,4.446704,,10451,27.00
base,1018,4.441256,,10569,27.03
base,1019,4.434862,,10215,27.05
base,1020,4.451183,,10393,27.08
base,1021,4.451797,,10394,27.11
base,1022,4.455675,,10552,27.13
base,1023,4.447015,,10360,27.16
base,1024,4.450057,,10461,27.18
base,1025,4.454498,,10513,27.21
base,1026,4.426223,,10335,27.24
base,1027,4.413258,,10439,27.26
base,1028,4.408422,,10240,27.29
base,1029,4.403433,,10448,27.32
base,1030,4.412383,,10450,27.34
base,1031,4.409126,,10658,27.37
base,1032,4.402938,,10483,27.39
base,1033,4.416016,,10437,27.42
base,1034,4.414661,,10478,27.45
base,1035,4.400647,,10374,27.47
base,1036,4.406834,,10427,27.50
base,1037,4.390281,,10553,27.52
base,1038,4.390515,,10482,27.55
base,1039,4.394342,,10555,27.58
base,1040,4.393337,,10492,27.60
base,1041,4.392282,,10417,27.63
base,1042,4.396212,,10264,27.65
base,1043,4.386475,,10506,27.68
base,1044,4.393965,,10376,27.71
base,1045,4.402042,,10510,27.73
base,1046,4.406793,,10279,27.76
base,1047,4.392435,,10378,27.79
base,1048,4.392604,,10490,27.81
base,1049,4.392579,,10200,27.84
base,1050,4.385737,,10446,27.86
base,1051,4.387178,,10563,27.89
base,1052,4.399935,,10482,27.92
base,1053,4.395574,,10568,27.94
base,1054,4.398187,,10425,27.97
base,1055,4.405870,,10628,27.99
base,1056,4.402936,,10289,28.02
base,1057,4.400779,,10462,28.05
base,1058,4.387458,,10529,28.07
base,1059,4.386832,,10409,28.10
base,1060,4.382617,,10624,28.12
base,1061,4.380274,,10528,28.15
base,1062,4.386055,,10517,28.18
base,1063,4.382154,,10615,28.20
base,1064,4.380044,,10355,28.23
base,1065,4.404158,,10154,28.26
base,1066,4.405214,,10289,28.28
base,1067,4.417140,,10449,28.31
base,1068,4.413396,,10242,28.33
base,1069,4.412624,,10426,28.36
base,1070,4.400049,,10103,28.39
base,1071,4.408682,,10256,28.41
base,1072,4.415588,,10332,28.44
base,1073,4.406372,,10280,28.47
base,1074,4.406429,,10177,28.49
base,1075,4.407084,,10109,28.52
base,1076,4.389762,,10432,28.55
base,1077,4.395692,,10358,28.57
base,1078,4.396843,,10311,28.60
base,1079,4.381091,,10390,28.63
base,1080,4.388162,,10428,28.65
base,1081,4.408515,,10214,28.68
base,1082,4.415806,,10354,28.71
base,1083,4.410440,,10321,28.73
base,1084,4.409497,,10295,28.76
base,1085,4.405321,,10430,28.79
base,1086,4.398885,,10418,28.81
base,1087,4.387005,,10295,28.84
base,1088,4.388525,,10433,28.86
base,1089,4.392627,,10555,28.89
base,1090,4.387825,,10552,28.92
base,1091,4.387727,,10459,28.94
base,1092,4.388582,,10373,28.97
base,1093,4.393973,,10440,28.99
base,1094,4.384049,,10339,29.02
base,1095,4.384612,,10409,29.05
base,1096,4.391219,,10550,29.07
base,1097,4.399458,,10440,29.10
base,1098,4.401729,,10565,29.12
base,1099,4.392903,,10456,29.15
base,1100,4.386683,1.357232,10371,29.18
base,1101,4.375814,,10464,29.20
base,1102,4.373438,,10609,29.23
base,1103,4.381326,,10573,29.26
base,1104,4.374831,,10449,29.28
base,1105,4.378762,,10381,29.31
base,1106,4.382688,,10568,29.33
base,1107,4.369735,,10616,29.36
base,1108,4.373907,,10411,29.39
base,1109,4.376369,,10436,29.41
base,1110,4.372037,,10246,29.44
base,1111,4.361625,,10566,29.46
base,1112,4.378236,,10446,29.49
base,1113,4.369525,,10616,29.52
base,1114,4.368812,,10414,29.54
base,1115,4.377952,,10529,29.57
base,1116,4.385275,,10511,29.59
base,1117,4.381763,,10523,29.62
base,1118,4.382570,,10375,29.65
base,1119,4.369265,,10399,29.67
base,1120,4.385428,,10302,29.70
base,1121,4.392829,,10575,29.72
base,1122,4.384444,,10420,29.75
base,1123,4.374830,,10339,29.78
base,1124,4.385688,,10403,29.80
base,1125,4.369135,,10507,29.83
base,1126,4.376024,,10413,29.86
base,1127,4.374096,,10666,29.88
base,1128,4.368066,,10354,29.91
base,1129,4.373696,,10484,29.93
base,1130,4.373567,,10348,29.96
base,1131,4.386454,,10129,29.99
base,1132,4.384658,,10446,30.01
base,1133,4.385754,,10037,30.04
base,1134,4.383657,,10131,30.07
base,1135,4.378349,,10203,30.09
base,1136,4.372000,,10032,30.12
base,1137,4.372423,,10517,30.15
base,1138,4.373431,,10398,30.17
base,1139,4.373464,,10420,30.20
base,1140,4.371500,,10555,30.23
base,1141,4.363863,,10488,30.25
base,1142,4.361249,,10379,30.28
base,1143,4.360078,,10302,30.30
base,1144,4.359949,,10477,30.33
base,1145,4.356594,,10411,30.36
base,1146,4.357180,,10374,30.38
base,1147,4.367440,,10432,30.41
base,1148,4.375528,,10370,30.44
base,1149,4.376288,,10396,30.46
base,1150,4.362891,,10531,30.49
base,1151,4.356952,,10399,30.51
base,1152,4.347577,,10378,30.54
base,1153,4.364860,,10607,30.57
base,1154,4.374861,,10511,30.59
base,1155,4.367287,,10377,30.62
base,1156,4.371655,,10367,30.64
base,1157,4.368242,,10043,30.67
base,1158,4.359324,,10383,30.70
base,1159,4.378030,,10257,30.72
base,1160,4.380412,,10001,30.75
base,1161,4.374456,,9687,30.78
base,1162,4.373256,,10116,30.81
base,1163,4.354328,,10294,30.83
base,1164,4.360107,,10134,30.86
base,1165,4.360427,,10306,30.89
base,1166,4.362786,,10277,30.91
base,1167,4.376206,,9792,30.94
base,1168,4.367072,,10338,30.97
base,1169,4.351979,,10441,30.99
base,1170,4.370602,,10424,31.02
base,1171,4.375048,,10328,31.05
base,1172,4.361165,,10508,31.07
base,1173,4.365960,,10366,31.10
base,1174,4.351006,,10344,31.13
base,1175,4.336079,,10530,31.15
base,1176,4.332778,,10581,31.18
base,1177,4.335038,,10220,31.20
base,1178,4.348300,,10096,31.23
base,1179,4.358819,,10397,31.26
base,1180,4.356914,,10509,31.28
base,1181,4.351151,,10393,31.31
base,1182,4.347877,,10506,31.34
base,1183,4.346471,,10558,31.36
base,1184,4.362426,,10462,31.39
base,1185,4.370588,,10341,31.41
base,1186,4.377062,,10241,31.44
base,1187,4.386978,,10478,31.47
base,1188,4.369971,,10460,31.49
base,1189,4.376274,,10013,31.52
base,1190,4.378859,,10274,31.55
base,1191,4.363739,,9941,31.57
base,1192,4.358563,,8720,31.61
base,1193,4.363447,,9026,31.64
base,1194,4.362398,,9089,31.67
base,1195,4.345164,,9350,31.70
base,1196,4.354272,,9149,31.72
base,1197,4.340601,,9201,31.75
base,1198,4.338346,,9192,31.78
base,1199,4.351600,,9099,31.81
base,1200,4.349391,1.345296,9001,31.84
base,1201,4.343875,,9100,31.87
base,1202,4.340484,,9080,31.90
base,1203,4.335483,,9093,31.93
base,1204,4.334934,,9240,31.96
base,1205,4.348706,,9097,31.99
base,1206,4.337696,,9167,32.02
base,1207,4.327702,,9233,32.05
base,1208,4.331804,,9260,32.08
base,1209,4.318107,,9196,32.11
base,1210,4.329831,,9206,32.14
base,1211,4.336820,,9266,32.17
base,1212,4.325962,,9139,32.20
base,1213,4.343142,,9330,32.23
base,1214,4.331011,,9124,32.26
base,1215,4.328246,,9127,32.29
base,1216,4.330728,,9128,32.32
base,1217,4.341340,,9165,32.35
base,1218,4.338616,,9151,32.38
base,1219,4.347155,,9096,32.41
base,1220,4.336559,,9411,32.44
base,1221,4.338281,,9178,32.47
base,1222,4.341933,,9247,32.50
base,1223,4.334276,,9144,32.53
base,1224,4.331582,,9336,32.56
base,1225,4.345626,,9178,32.59
base,1226,4.353255,,9121,32.62
base,1227,4.364013,,9170,32.65
base,1228,4.355681,,9199,32.68
base,1229,4.340360,,9191,32.71
base,1230,4.317975,,9260,32.74
base,1231,4.327649,,9114,32.77
base,1232,4.325729,,9267,32.80
base,1233,4.328745,,9233,32.83
base,1234,4.340411,,9207,32.85
base,1235,4.336536,,9131,32.88
base,1236,4.340037,,9253,32.91
base,1237,4.331620,,8947,32.94
base,1238,4.355006,,9350,32.97
base,1239,4.352965,,9204,33.00
base,1240,4.352548,,9277,33.03
base,1241,4.344462,,9343,33.06
base,1242,4.338988,,9202,33.09
base,1243,4.346895,,9301,33.12
base,1244,4.359669,,9113,33.15
base,1245,4.336861,,9302,33.18
base,1246,4.325605,,9165,33.21
base,1247,4.310837,,9295,33.24
base,1248,4.307501,,8991,33.27
base,1249,4.313655,,9209,33.30
base,1250,4.316629,,9196,33.33
base,1251,4.319860,,9253,33.36
base,1252,4.309985,,9132,33.39
base,1253,4.312297,,9208,33.42
base,1254,4.317872,,9184,33.45
base,1255,4.322844,,9184,33.48
base,1256,4.314359,,9098,33.51
base,1257,4.310870,,9145,33.54
base,1258,4.324153,,9205,33.57
base,1259,4.308726,,9217,33.60
base,1260,4.310389,,9147,33.63
base,1261,4.318628,,9169,33.66
base,1262,4.313829,,9214,33.69
base,1263,4.325716,,9086,33.72
base,1264,4.309129,,9146,33.75
base,1265,4.318512,,9203,33.78
base,1266,4.321066,,9249,33.81
base,1267,4.317265,,9232,33.84
base,1268,4.312391,,9269,33.86
base,1269,4.318059,,9238,33.89
base,1270,4.314687,,9322,33.92
base,1271,4.322987,,9140,33.95
base,1272,4.331443,,9172,33.98
base,1273,4.316192,,9195,34.01
base,1274,4.323672,,9252,34.04
base,1275,4.322337,,9121,34.07
base,1276,4.324337,,9093,34.10
base,1277,4.316876,,9128,34.13
base,1278,4.317959,,9160,34.16
base,1279,4.315957,,9275,34.19
base,1280,4.311764,,9283,34.22
base,1281,4.310216,,9212,34.25
base,1282,4.309534,,9134,34.28
base,1283,4.318074,,9122,34.31
base,1284,4.321093,,9164,34.34
base,1285,4.317577,,9201,34.37
base,1286,4.301286,,9108,34.40
base,1287,4.317613,,9450,34.43
base,1288,4.319363,,9100,34.46
base,1289,4.302217,,9174,34.49
base,1290,4.284711,,9129,34.52
base,1291,4.284813,,9217,34.55
base,1292,4.282931,,9156,34.58
base,1293,4.287718,,9099,34.61
base,1294,4.298191,,9271,34.64
base,1295,4.304669,,9129,34.67
base,1296,4.294258,,9250,34.70
base,1297,4.302398,,9157,34.73
base,1298,4.295694,,9071,34.76
base,1299,4.287201,,9161,34.79
base,1300,4.297047,1.332653,8662,34.82
base,1301,4.299280,,9344,34.85
base,1302,4.294815,,9268,34.88
base,1303,4.306054,,9104,34.91
base,1304,4.298307,,9071,34.94
base,1305,4.300929,,9242,34.97
base,1306,4.315427,,9281,35.00
base,1307,4.324407,,9327,35.03
base,1308,4.321816,,9145,35.05
base,1309,4.322707,,9183,35.08
base,1310,4.312563,,9217,35.11
base,1311,4.322012,,9216,35.14
base,1312,4.309090,,9190,35.17
base,1313,4.299032,,9291,35.20
base,1314,4.305215,,9309,35.23
base,1315,4.298964,,9183,35.26
base,1316,4.297839,,9254,35.29
base,1317,4.296632,,9235,35.32
base,1318,4.290214,,9096,35.35
base,1319,4.280398,,9040,35.38
base,1320,4.279416,,9358,35.41
base,1321,4.267018,,9213,35.44
base,1322,4.268850,,9179,35.47
base,1323,4.284419,,9217,35.50
base,1324,4.279309,,9377,35.53
base,1325,4.290834,,9031,35.56
base,1326,4.305425,,8882,35.59
base,1327,4.293362,,9116,35.62
base,1328,4.302071,,9259,35.65
base,1329,4.305182,,9089,35.68
base,1330,4.304088,,9403,35.71
base,1331,4.285828,,9137,35.74
base,1332,4.293785,,9165,35.77
base,1333,4.277508,,9113,35.80
base,1334,4.267855,,9293,35.83
base,1335,4.271924,,9126,35.86
base,1336,4.275311,,9146,35.89
base,1337,4.282497,,9003,35.92
base,1338,4.279818,,9110,35.95
base,1339,4.283826,,9118,35.98
base,1340,4.275927,,9132,36.01
base,1341,4.270532,,9156,36.04
base,1342,4.260562,,9326,36.07
base,1343,4.260003,,9207,36.10
base,1344,4.250827,,9212,36.13
base,1345,4.254918,,9249,36.16
base,1346,4.263372,,9192,36.18
base,1347,4.252798,,9396,36.21
base,1348,4.239524,,10231,36.24
base,1349,4.252756,,10441,36.27
base,1350,4.272419,,10547,36.29
base,1351,4.273136,,10112,36.32
base,1352,4.270419,,10577,36.35
base,1353,4.283051,,10595,36.37
base,1354,4.281912,,10564,36.40
base,1355,4.295769,,10521,36.42
base,1356,4.306394,,10449,36.45
base,1357,4.291228,,10806,36.47
base,1358,4.305954,,10553,36.50
base,1359,4.301331,,10689,36.53
base,1360,4.296763,,10562,36.55
base,1361,4.293615,,10823,36.58
base,1362,4.294816,,10310,36.60
base,1363,4.276887,,10487,36.63
base,1364,4.294857,,10679,36.65
base,1365,4.288781,,10657,36.68
base,1366,4.306993,,10509,36.71
base,1367,4.310947,,10749,36.73
base,1368,4.302053,,10467,36.76
base,1369,4.311622,,10426,36.78
base,1370,4.306308,,10603,36.81
base,1371,4.282222,,10606,36.84
base,1372,4.282707,,10492,36.86
base,1373,4.278231,,10712,36.89
base,1374,4.289395,,10595,36.91
base,1375,4.295307,,10394,36.94
base,1376,4.292979,,10684,36.96
base,1377,4.294007,,10637,36.99
base,1378,4.286361,,10611,37.02
base,1379,4.280206,,10516,37.04
base,1380,4.292577,,10624,37.07
base,1381,4.295577,,10779,37.09
base,1382,4.290614,,10811,37.12
base,1383,4.305427,,10661,37.14
base,1384,4.313749,,10538,37.17
base,1385,4.297447,,10376,37.20
base,1386,4.297695,,10503,37.22
base,1387,4.303947,,10315,37.25
base,1388,4.297170,,10562,37.27
base,1389,4.296125,,10422,37.30
base,1390,4.298205,,10596,37.33
base,1391,4.313230,,10622,37.35
base,1392,4.302201,,10490,37.38
base,1393,4.305194,,10634,37.40
base,1394,4.299330,,10690,37.43
base,1395,4.298747,,10435,37.46
base,1396,4.308686,,10560,37.48
base,1397,4.307898,,10615,37.51
base,1398,4.310230,,10663,37.53
base,1399,4.308737,,10588,37.56
base,1400,4.296358,1.323681,10268,37.59
base,1401,4.299813,,10495,37.61
base,1402,4.291694,,10766,37.64
base,1403,4.298055,,10491,37.66
base,1404,4.290308,,10469,37.69
base,1405,4.280370,,10524,37.71
base,1406,4.290250,,10715,37.74
base,1407,4.296154,,10525,37.77
base,1408,4.291761,,10461,37.79
base,1409,4.300620,,10564,37.82
base,1410,4.308403,,9289,37.85
base,1411,4.295833,,9343,37.88
base,1412,4.302884,,9019,37.91
base,1413,4.304703,,8723,37.94
base,1414,4.293716,,8202,37.97
base,1415,4.301053,,9402,38.00
base,1416,4.293479,,9869,38.03
base,1417,4.266694,,9952,38.06
base,1418,4.266734,,10105,38.08
base,1419,4.268179,,10236,38.11
base,1420,4.269618,,10260,38.14
base,1421,4.274519,,10238,38.16
base,1422,4.277629,,10052,38.19
base,1423,4.290884,,9238,38.22
base,1424,4.290403,,8680,38.25
base,1425,4.293064,,9172,38.28
base,1426,4.287501,,9896,38.31
base,1427,4.290157,,9488,38.34
base,1428,4.297905,,9510,38.37
base,1429,4.293073,,10182,38.39
base,1430,4.307938,,9772,38.42
base,1431,4.313562,,10137,38.45
base,1432,4.308754,,9620,38.48
base,1433,4.311173,,10172,38.50
base,1434,4.292291,,10478,38.53
base,1435,4.263844,,10612,38.55
base,1436,4.269383,,10505,38.58
base,1437,4.255203,,10260,38.61
base,1438,4.250534,,10261,38.63
base,1439,4.256065,,10629,38.66
base,1440,4.245725,,10265,38.69
base,1441,4.249653,,9821,38.71
base,1442,4.250921,,10534,38.74
base,1443,4.259844,,10387,38.77
base,1444,4.261380,,10416,38.79
base,1445,4.253027,,10211,38.82
base,1446,4.256201,,10084,38.85
base,1447,4.260563,,10099,38.87
base,1448,4.258489,,10088,38.90
base,1449,4.252995,,9958,38.93
base,1450,4.253913,,9746,38.96
base,1451,4.281522,,9744,38.98
base,1452,4.283034,,10092,39.01
base,1453,4.276030,,10337,39.04
base,1454,4.277705,,10555,39.06
base,1455,4.272210,,10435,39.09
base,1456,4.287269,,9770,39.12
base,1457,4.280705,,10369,39.14
base,1458,4.302430,,10451,39.17
base,1459,4.302404,,10666,39.20
base,1460,4.298995,,10078,39.22
base,1461,4.283122,,10340,39.25
base,1462,4.286132,,10479,39.27
base,1463,4.300904,,9841,39.30
base,1464,4.310691,,9974,39.33
base,1465,4.311552,,10216,39.36
base,1466,4.294355,,10470,39.38
base,1467,4.288631,,10466,39.41
base,1468,4.274317,,10220,39.44
base,1469,4.257323,,10058,39.46
base,1470,4.261013,,10081,39.49
base,1471,4.244318,,9745,39.52
base,1472,4.258105,,9985,39.55
base,1473,4.241333,,9210,39.57
base,1474,4.240992,,10363,39.60
base,1475,4.244466,,10232,39.63
base,1476,4.255204,,10410,39.65
base,1477,4.249050,,10319,39.68
base,1478,4.240910,,10490,39.71
base,1479,4.233708,,10484,39.73
base,1480,4.244191,,10339,39.76
base,1481,4.243746,,10456,39.79
base,1482,4.238932,,10685,39.81
base,1483,4.237959,,10483,39.84
base,1484,4.236547,,10430,39.86
base,1485,4.248406,,10250,39.89
base,1486,4.252108,,10345,39.92
base,1487,4.254874,,10389,39.94
base,1488,4.265918,,10365,39.97
base,1489,4.279489,,10448,39.99
base,1490,4.286699,,10275,40.02
base,1491,4.293586,,9911,40.05
base,1492,4.290980,,10163,40.08
base,1493,4.284518,,10166,40.10
base,1494,4.281207,,10156,40.13
base,1495,4.266703,,10126,40.16
base,1496,4.266133,,9940,40.18
base,1497,4.269356,,10330,40.21
base,1498,4.266168,,9880,40.24
base,1499,4.237392,,9642,40.27
base,1500,4.242125,1.315164,6341,40.31
base,1501,4.232749,,8841,40.34
base,1502,4.228912,,9347,40.37
base,1503,4.247189,,9253,40.40
base,1504,4.260605,,9385,40.43
base,1505,4.252007,,9766,40.46
base,1506,4.249716,,9507,40.48
base,1507,4.238743,,9493,40.51
base,1508,4.234626,,9638,40.54
base,1509,4.232888,,9729,40.57
base,1510,4.231359,,9236,40.60
base,1511,4.228514,,9419,40.63
base,1512,4.244919,,9263,40.66
base,1513,4.245862,,9255,40.69
base,1514,4.245415,,9645,40.72
base,1515,4.241336,,9623,40.74
base,1516,4.232645,,9876,40.77
base,1517,4.236773,,9713,40.80
base,1518,4.232014,,9456,40.83
base,1519,4.240422,,9598,40.86
base,1520,4.247132,,9434,40.89
base,1521,4.250017,,9699,40.91
base,1522,4.233971,,9515,40.94
base,1523,4.241082,,9654,40.97
base,1524,4.246266,,9699,41.00
base,1525,4.244662,,9925,41.03
base,1526,4.261294,,10051,41.05
base,1527,4.270030,,9835,41.08
base,1528,4.250660,,9802,41.11
base,1529,4.258801,,9879,41.14
base,1530,4.254322,,9898,41.16
base,1531,4.237857,,9885,41.19
base,1532,4.234045,,9950,41.22
base,1533,4.244264,,9922,41.25
base,1534,4.235042,,9670,41.28
base,1535,4.247912,,9927,41.30
base,1536,4.239801,,9957,41.33
base,1537,4.247592,,9975,41.36
base,1538,4.250254,,9794,41.39
base,1539,4.256841,,9907,41.41
base,1540,4.246712,,9945,41.44
base,1541,4.257193,,9900,41.47
base,1542,4.247794,,9665,41.50
base,1543,4.253268,,9782,41.52
base,1544,4.249470,,9817,41.55
base,1545,4.248750,,9976,41.58
base,1546,4.256112,,9880,41.61
base,1547,4.248002,,10042,41.63
base,1548,4.249476,,9898,41.66
base,1549,4.247342,,10011,41.69
base,1550,4.243510,,9693,41.72
base,1551,4.241273,,9641,41.75
base,1552,4.237371,,9471,41.77
base,1553,4.230978,,9054,41.80
base,1554,4.228370,,9907,41.83
base,1555,4.222989,,9598,41.86
base,1556,4.231167,,9507,41.89
base,1557,4.246032,,9292,41.92
base,1558,4.242911,,9528,41.95
base,1559,4.236795,,9698,41.98
base,1560,4.239084,,10040,42.00
base,1561,4.250590,,9826,42.03
base,1562,4.243579,,9865,42.06
base,1563,4.233067,,9689,42.09
base,1564,4.245327,,9976,42.11
base,1565,4.242472,,9916,42.14
base,1566,4.248826,,10288,42.17
base,1567,4.254885,,10084,42.20
base,1568,4.250841,,9462,42.22
base,1569,4.253376,,10277,42.25
base,1570,4.260371,,10388,42.28
base,1571,4.246246,,10702,42.30
base,1572,4.235137,,11273,42.33
base,1573,4.253076,,11232,42.35
base,1574,4.245859,,10515,42.38
base,1575,4.257556,,10947,42.40
base,1576,4.246305,,10687,42.43
base,1577,4.263048,,10517,42.45
base,1578,4.260896,,11087,42.48
base,1579,4.256134,,10883,42.50
base,1580,4.248105,,10467,42.53
base,1581,4.244285,,10765,42.55
base,1582,4.242545,,11084,42.58
base,1583,4.250254,,10804,42.60
base,1584,4.245309,,10875,42.63
base,1585,4.236941,,11059,42.65
base,1586,4.238057,,10346,42.68
base,1587,4.239302,,10444,42.71
base,1588,4.234537,,10990,42.73
base,1589,4.242569,,11134,42.76
base,1590,4.231451,,10294,42.78
base,1591,4.234188,,10533,42.81
base,1592,4.237542,,11003,42.83
base,1593,4.243943,,10697,42.86
base,1594,4.222907,,10907,42.88
base,1595,4.235104,,10692,42.91
base,1596,4.226969,,10980,42.93
base,1597,4.214115,,10535,42.96
base,1598,4.206035,,10646,42.99
base,1599,4.213901,,10582,43.01
base,1600,4.218252,1.307505,10622,43.04
base,1601,4.226084,,10309,43.06
base,1602,4.208844,,10918,43.09
base,1603,4.199096,,10797,43.11
base,1604,4.211788,,10896,43.14
base,1605,4.201692,,10949,43.16
base,1606,4.185422,,10878,43.19
base,1607,4.192149,,10826,43.21
base,1608,4.193080,,10841,43.24
base,1609,4.190567,,10804,43.27
base,1610,4.205018,,11158,43.29
base,1611,4.202827,,11014,43.31
base,1612,4.198287,,10503,43.34
base,1613,4.195346,,10622,43.37
base,1614,4.186228,,10556,43.39
base,1615,4.165446,,10716,43.42
base,1616,4.166266,,10314,43.44
base,1617,4.173538,,9601,43.47
base,1618,4.165154,,9619,43.50
base,1619,4.170406,,9689,43.53
base,1620,4.171237,,9544,43.56
base,1621,4.179365,,9856,43.59
base,1622,4.185859,,10105,43.61
base,1623,4.195010,,9862,43.64
base,1624,4.213566,,9744,43.67
base,1625,4.214602,,9764,43.70
base,1626,4.218676,,9221,43.73
base,1627,4.219952,,9188,43.76
base,1628,4.219047,,10447,43.78
base,1629,4.211750,,9496,43.81
base,1630,4.206012,,8417,43.84
base,1631,4.193282,,10005,43.87
base,1632,4.193954,,10460,43.90
base,1633,4.210481,,10004,43.92
base,1634,4.200205,,10018,43.95
base,1635,4.184927,,10833,43.98
base,1636,4.191003,,10275,44.00
base,1637,4.194668,,10629,44.03
base,1638,4.185971,,10423,44.05
base,1639,4.213540,,10270,44.08
base,1640,4.215768,,10456,44.11
base,1641,4.215751,,10435,44.13
base,1642,4.218140,,10092,44.16
base,1643,4.217975,,10495,44.19
base,1644,4.202238,,10291,44.21
base,1645,4.204456,,11046,44.24
base,1646,4.204027,,10189,44.26
base,1647,4.207338,,10830,44.29
base,1648,4.219482,,10756,44.31
base,1649,4.213503,,10813,44.34
base,1650,4.208144,,10559,44.37
base,1651,4.210460,,10680,44.39
base,1652,4.199755,,10808,44.42
base,1653,4.204958,,10591,44.44
base,1654,4.209603,,10720,44.47
base,1655,4.197699,,11342,44.49
base,1656,4.205910,,10975,44.52
base,1657,4.219445,,10468,44.54
base,1658,4.218445,,11196,44.57
base,1659,4.203072,,10814,44.59
base,1660,4.203181,,10767,44.62
base,1661,4.194599,,11295,44.64
base,1662,4.181901,,10995,44.67
base,1663,4.198439,,10848,44.69
base,1664,4.200289,,10635,44.72
base,1665,4.207703,,11167,44.74
base,1666,4.210178,,11291,44.77
base,1667,4.207865,,10486,44.79
base,1668,4.216889,,11233,44.82
base,1669,4.212315,,10727,44.84
base,1670,4.224112,,10552,44.87
base,1671,4.220932,,10895,44.89
base,1672,4.221983,,11216,44.92
base,1673,4.220863,,11313,44.94
base,1674,4.217306,,10677,44.97
base,1675,4.216430,,10823,44.99
base,1676,4.220449,,10671,45.02
base,1677,4.226135,,10868,45.04
base,1678,4.213321,,10776,45.07
base,1679,4.193648,,11114,45.09
base,1680,4.198267,,10771,45.12
base,1681,4.198172,,11032,45.14
base,1682,4.204841,,10934,45.17
base,1683,4.205976,,10475,45.19
base,1684,4.207632,,11072,45.22
base,1685,4.211818,,10745,45.24
base,1686,4.212444,,10762,45.27
base,1687,4.225059,,10839,45.29
base,1688,4.218102,,10736,45.32
base,1689,4.211031,,10557,45.35
base,1690,4.194070,,11223,45.37
base,1691,4.201094,,11067,45.40
base,1692,4.196804,,10666,45.42
base,1693,4.196803,,11099,45.45
base,1694,4.196310,,10730,45.47
base,1695,4.200899,,10760,45.50
base,1696,4.198712,,11121,45.52
base,1697,4.196647,,11560,45.54
base,1698,4.194484,,10596,45.57
base,1699,4.182007,,10882,45.60
base,1700,4.178021,1.302495,9975,45.62
base,1701,4.176126,,9260,45.65
base,1702,4.176255,,9957,45.68
base,1703,4.183454,,9941,45.71
base,1704,4.184188,,9729,45.74
base,1705,4.180935,,9917,45.76
base,1706,4.165827,,10271,45.79
base,1707,4.164658,,10122,45.82
base,1708,4.169866,,10575,45.84
base,1709,4.164318,,10315,45.87
base,1710,4.163657,,10422,45.89
base,1711,4.176309,,10329,45.92
base,1712,4.168867,,9717,45.95
base,1713,4.173749,,10359,45.98
base,1714,4.201847,,9971,46.00
base,1715,4.204136,,9565,46.03
base,1716,4.199863,,9504,46.06
base,1717,4.182775,,9817,46.09
base,1718,4.190969,,9942,46.12
base,1719,4.198071,,10571,46.14
base,1720,4.191657,,10760,46.17
base,1721,4.197955,,11008,46.19
base,1722,4.197850,,10011,46.22
base,1723,4.188652,,10060,46.25
base,1724,4.201471,,9940,46.27
base,1725,4.183981,,10970,46.30
base,1726,4.182629,,10991,46.32
base,1727,4.175178,,10658,46.35
base,1728,4.166427,,10583,46.37
base,1729,4.172736,,10980,46.40
base,1730,4.174518,,10710,46.42
base,1731,4.181954,,11560,46.45
base,1732,4.181383,,11252,46.47
base,1733,4.184154,,9905,46.50
base,1734,4.192818,,10373,46.53
base,1735,4.192494,,10567,46.55
base,1736,4.207701,,10631,46.58
base,1737,4.201584,,10304,46.60
base,1738,4.222827,,10436,46.63
base,1739,4.231282,,10258,46.66
base,1740,4.236680,,9888,46.69
base,1741,4.236220,,9998,46.71
base,1742,4.226357,,9794,46.74
base,1743,4.224004,,10795,46.77
base,1744,4.223255,,10846,46.79
base,1745,4.230433,,11125,46.82
base,1746,4.233248,,11243,46.84
base,1747,4.231931,,11206,46.86
base,1748,4.241536,,9861,46.89
base,1749,4.239018,,10549,46.92
base,1750,4.218527,,10363,46.94
base,1751,4.202189,,9918,46.97
base,1752,4.192079,,8974,47.00
base,1753,4.193295,,9027,47.03
base,1754,4.206594,,8880,47.06
base,1755,4.182746,,9052,47.09
base,1756,4.193624,,8965,47.12
base,1757,4.197702,,8970,47.15
base,1758,4.208765,,8817,47.18
base,1759,4.209334,,8939,47.22
base,1760,4.197935,,8958,47.25
base,1761,4.192683,,8998,47.28
base,1762,4.203966,,9080,47.31
base,1763,4.194569,,8863,47.34
base,1764,4.207874,,9122,47.37
base,1765,4.214835,,8895,47.40
base,1766,4.210049,,8880,47.43
base,1767,4.208609,,8936,47.46
base,1768,4.200990,,9002,47.49
base,1769,4.192064,,9300,47.52
base,1770,4.186136,,10539,47.54
base,1771,4.190983,,9635,47.57
base,1772,4.186168,,9996,47.60
base,1773,4.189930,,10399,47.63
base,1774,4.183641,,10830,47.65
base,1775,4.169523,,11103,47.68
base,1776,4.164252,,11027,47.70
base,1777,4.171779,,10674,47.73
base,1778,4.184276,,10115,47.75
base,1779,4.192501,,10682,47.78
base,1780,4.186662,,10450,47.81
base,1781,4.189212,,10809,47.83
base,1782,4.200790,,10701,47.86
base,1783,4.205455,,10822,47.88
base,1784,4.206125,,10837,47.91
base,1785,4.206668,,10594,47.93
base,1786,4.215929,,11056,47.96
base,1787,4.209820,,11241,47.98
base,1788,4.219263,,10859,48.01
base,1789,4.202881,,10663,48.03
base,1790,4.178730,,11097,48.06
base,1791,4.187166,,10984,48.08
base,1792,4.183325,,11003,48.11
base,1793,4.177482,,10528,48.13
base,1794,4.170930,,10680,48.16
base,1795,4.165818,,10688,48.18
base,1796,4.175745,,11086,48.21
base,1797,4.175720,,11273,48.23
base,1798,4.171553,,10860,48.26
base,1799,4.184945,,11272,48.28
base,1800,4.191450,1.294347,10199,48.31
base,1801,4.189114,,10795,48.33
base,1802,4.194916,,10838,48.36
base,1803,4.204041,,10658,48.38
base,1804,4.186121,,10941,48.41
base,1805,4.179489,,10470,48.44
base,1806,4.192445,,10203,48.46
base,1807,4.201721,,10347,48.49
base,1808,4.196316,,9970,48.52
base,1809,4.191091,,10545,48.54
base,1810,4.205746,,10592,48.57
base,1811,4.194045,,11064,48.59
base,1812,4.197437,,10415,48.62
base,1813,4.178256,,10571,48.64
base,1814,4.181686,,10583,48.67
base,1815,4.170079,,11090,48.70
base,1816,4.157857,,11195,48.72
base,1817,4.160595,,10371,48.75
base,1818,4.158941,,10951,48.77
base,1819,4.150015,,10449,48.80
base,1820,4.157891,,11409,48.82
base,1821,4.143654,,11029,48.85
base,1822,4.142243,,10875,48.87
base,1823,4.150442,,10324,48.90
base,1824,4.155547,,10137,48.92
base,1825,4.149389,,10643,48.95
base,1826,4.157594,,11116,48.97
base,1827,4.152669,,11692,49.00
base,1828,4.149276,,11139,49.02
base,1829,4.146883,,11006,49.05
base,1830,4.149102,,10995,49.07
base,1831,4.142779,,11211,49.10
base,1832,4.143436,,10990,49.12
base,1833,4.140459,,11017,49.15
base,1834,4.144269,,11103,49.17
base,1835,4.152806,,11164,49.19
base,1836,4.160751,,10845,49.22
base,1837,4.176324,,11077,49.24
base,1838,4.171766,,11018,49.27
base,1839,4.169161,,10785,49.29
base,1840,4.171031,,10602,49.32
base,1841,4.178524,,11350,49.34
base,1842,4.186367,,10997,49.37
base,1843,4.186433,,10616,49.40
base,1844,4.194453,,10886,49.42
base,1845,4.187542,,10964,49.45
base,1846,4.185715,,10531,49.47
base,1847,4.178412,,11216,49.50
base,1848,4.179043,,11146,49.52
base,1849,4.170305,,11113,49.54
base,1850,4.182376,,10655,49.57
base,1851,4.178977,,10536,49.60
base,1852,4.188937,,10897,49.62
base,1853,4.176999,,9837,49.65
base,1854,4.169875,,10629,49.67
base,1855,4.170286,,10843,49.70
base,1856,4.159272,,10664,49.73
base,1857,4.155950,,10486,49.75
base,1858,4.166552,,10441,49.78
base,1859,4.166144,,11130,49.80
base,1860,4.170571,,10729,49.83
base,1861,4.158960,,10369,49.85
base,1862,4.172613,,10703,49.88
base,1863,4.166399,,10590,49.91
base,1864,4.167729,,11069,49.93
base,1865,4.169821,,10486,49.96
base,1866,4.181543,,11208,49.98
base,1867,4.159024,,10942,50.01
base,1868,4.154856,,10502,50.03
base,1869,4.155169,,10519,50.06
base,1870,4.155353,,11059,50.08
base,1871,4.150565,,9946,50.11
base,1872,4.161815,,9971,50.14
base,1873,4.156453,,9933,50.16
base,1874,4.153475,,9953,50.19
base,1875,4.157906,,10062,50.22
base,1876,4.141537,,9620,50.25
base,1877,4.127739,,9598,50.28
base,1878,4.130966,,9587,50.30
base,1879,4.141065,,9486,50.33
base,1880,4.148486,,9536,50.36
base,1881,4.155564,,9540,50.39
base,1882,4.148093,,9676,50.42
base,1883,4.143392,,9796,50.45
base,1884,4.153867,,9418,50.48
base,1885,4.148457,,9603,50.50
base,1886,4.146593,,9487,50.53
base,1887,4.158440,,9777,50.56
base,1888,4.155281,,9679,50.59
base,1889,4.159295,,9507,50.62
base,1890,4.167693,,9529,50.65
base,1891,4.160866,,9691,50.67
base,1892,4.153592,,9794,50.70
base,1893,4.146229,,9742,50.73
base,1894,4.127641,,9800,50.76
base,1895,4.134474,,9715,50.79
base,1896,4.144238,,9521,50.81
base,1897,4.147108,,10330,50.84
base,1898,4.146615,,10295,50.87
base,1899,4.161533,,10102,50.89
base,1900,4.178792,1.287435,8846,50.93
base,1901,4.174801,,10970,50.95
base,1902,4.163948,,10945,50.98
base,1903,4.142833,,10907,51.00
base,1904,4.157401,,10886,51.03
base,1905,4.160084,,10784,51.05
base,1906,4.166875,,11001,51.08
base,1907,4.175943,,10905,51.10
base,1908,4.155388,,10872,51.13
base,1909,4.147561,,11098,51.15
base,1910,4.148418,,11108,51.17
base,1911,4.150230,,10318,51.20
base,1912,4.147626,,10748,51.23
base,1913,4.158438,,11053,51.25
base,1914,4.152022,,10704,51.28
base,1915,4.141096,,10731,51.30
base,1916,4.151792,,11180,51.33
base,1917,4.154774,,11020,51.35
base,1918,4.144466,,10908,51.38
base,1919,4.137300,,10840,51.40
base,1920,4.138108,,10942,51.43
base,1921,4.136258,,10822,51.45
base,1922,4.143231,,11244,51.48
base,1923,4.142170,,10310,51.50
base,1924,4.140824,,11021,51.53
base,1925,4.151864,,10467,51.55
base,1926,4.151452,,11024,51.58
base,1927,4.160161,,10982,51.60
base,1928,4.165730,,11130,51.63
base,1929,4.168494,,11179,51.65
base,1930,4.165345,,10897,51.68
base,1931,4.160117,,10937,51.70
base,1932,4.150128,,11422,51.73
base,1933,4.148916,,11167,51.75
base,1934,4.147369,,10901,51.78
base,1935,4.149946,,10495,51.80
base,1936,4.153436,,9602,51.83
base,1937,4.153895,,10282,51.86
base,1938,4.155788,,10116,51.88
base,1939,4.162402,,10024,51.91
base,1940,4.160663,,9631,51.94
base,1941,4.163008,,10321,51.97
base,1942,4.167439,,10921,51.99
base,1943,4.166922,,10523,52.02
base,1944,4.166183,,10956,52.04
base,1945,4.179127,,10442,52.07
base,1946,4.174892,,11015,52.09
base,1947,4.182971,,10587,52.12
base,1948,4.185415,,10657,52.14
base,1949,4.201294,,11311,52.17
base,1950,4.184675,,10707,52.19
base,1951,4.186942,,11033,52.22
base,1952,4.190602,,10633,52.24
base,1953,4.180248,,11061,52.27
base,1954,4.174236,,10445,52.29
base,1955,4.175146,,11262,52.32
base,1956,4.172093,,10716,52.34
base,1957,4.176412,,10891,52.37
base,1958,4.175688,,10555,52.40
base,1959,4.181948,,10886,52.42
base,1960,4.177166,,11576,52.44
base,1961,4.174237,,10842,52.47
base,1962,4.170782,,10708,52.49
base,1963,4.161994,,11019,52.52
base,1964,4.151121,,10742,52.54
base,1965,4.156833,,10535,52.57
base,1966,4.145785,,10667,52.60
base,1967,4.135003,,10572,52.62
base,1968,4.136606,,11259,52.65
base,1969,4.160287,,10890,52.67
base,1970,4.150330,,11019,52.70
base,1971,4.153712,,10189,52.72
base,1972,4.150571,,11153,52.75
base,1973,4.151434,,10388,52.77
base,1974,4.146141,,11332,52.80
base,1975,4.148183,,10879,52.82
base,1976,4.147314,,11128,52.85
base,1977,4.144958,,10873,52.87
base,1978,4.148803,,10402,52.90
base,1979,4.147574,,10746,52.92
base,1980,4.143442,,10992,52.95
base,1981,4.128761,,10379,52.98
base,1982,4.136325,,11068,53.00
base,1983,4.144330,,10482,53.03
base,1984,4.150953,,10843,53.05
base,1985,4.143237,,10405,53.08
base,1986,4.153989,,10836,53.10
base,1987,4.160667,,11149,53.13
base,1988,4.161022,,10329,53.15
base,1989,4.158626,,11056,53.18
base,1990,4.128100,,10986,53.20
base,1991,4.120605,,10712,53.23
base,1992,4.124595,,10641,53.25
base,1993,4.123150,,10846,53.28
base,1994,4.119194,,11113,53.30
base,1995,4.124558,,11338,53.33
base,1996,4.136748,,11426,53.35
base,1997,4.138933,,10586,53.38
base,1998,4.130966,,10550,53.40
base,1999,4.130789,,10538,53.43
base,2000,4.141383,1.279230,10474,53.46
base,2001,4.130139,,10670,53.48
base,2002,4.141198,,10839,53.51
base,2003,4.165167,,10697,53.53
base,2004,4.152363,,10533,53.56
base,2005,4.142356,,10599,53.58
base,2006,4.155129,,11272,53.61
base,2007,4.146686,,11129,53.63
base,2008,4.148149,,10881,53.66
base,2009,4.146667,,10650,53.68
base,2010,4.145867,,10870,53.71
base,2011,4.130341,,10672,53.73
base,2012,4.138189,,9535,53.76
base,2013,4.133431,,9211,53.79
base,2014,4.135354,,9771,53.82
base,2015,4.131654,,9798,53.85
base,2016,4.141785,,10170,53.88
base,2017,4.132666,,10044,53.90
base,2018,4.133260,,10385,53.93
base,2019,4.131455,,10120,53.96
base,2020,4.133163,,10214,53.98
base,2021,4.124138,,9122,54.01
base,2022,4.136732,,10238,54.04
base,2023,4.145719,,9774,54.07
base,2024,4.156994,,10384,54.09
base,2025,4.151285,,9721,54.12
base,2026,4.137348,,10418,54.15
base,2027,4.128885,,10024,54.17
base,2028,4.118783,,9943,54.20
base,2029,4.117896,,9638,54.23
base,2030,4.119959,,9884,54.26
base,2031,4.124179,,9682,54.29
base,2032,4.123807,,10425,54.31
base,2033,4.124326,,10305,54.34
base,2034,4.128609,,10741,54.36
base,2035,4.117361,,10482,54.39
base,2036,4.106144,,10230,54.42
base,2037,4.107046,,10019,54.44
base,2038,4.103692,,10271,54.47
base,2039,4.101982,,10289,54.50
base,2040,4.120399,,10223,54.52
base,2041,4.119705,,10247,54.55
base,2042,4.115309,,10462,54.58
base,2043,4.118149,,10563,54.60
base,2044,4.125391,,10393,54.63
base,2045,4.133238,,10252,54.66
base,2046,4.142349,,10631,54.68
base,2047,4.158475,,10333,54.71
base,2048,4.142666,,10482,54.73
base,2049,4.145631,,10539,54.76
base,2050,4.142644,,10792,54.79
base,2051,4.147114,,10178,54.81
base,2052,4.129386,,10236,54.84
base,2053,4.118466,,10518,54.86
base,2054,4.114503,,10452,54.89
base,2055,4.108536,,9688,54.92
base,2056,4.109921,,10387,54.95
base,2057,4.094553,,10565,54.97
base,2058,4.099258,,10201,55.00
base,2059,4.108445,,9585,55.03
base,2060,4.107078,,9777,55.05
base,2061,4.096143,,10248,55.08
base,2062,4.104498,,10083,55.11
base,2063,4.103228,,9885,55.14
base,2064,4.115172,,10736,55.16
base,2065,4.114642,,10184,55.19
base,2066,4.106708,,10362,55.21
base,2067,4.105143,,10251,55.24
base,2068,4.105891,,10229,55.27
base,2069,4.116155,,10198,55.29
base,2070,4.109868,,10446,55.32
base,2071,4.113945,,10616,55.35
base,2072,4.107801,,9977,55.37
base,2073,4.121058,,10386,55.40
base,2074,4.130859,,10532,55.43
base,2075,4.118174,,10328,55.45
base,2076,4.131333,,10100,55.48
base,2077,4.118870,,10273,55.51
base,2078,4.116034,,10570,55.53
base,2079,4.101819,,10698,55.56
base,2080,4.095542,,10497,55.58
base,2081,4.102214,,9977,55.61
base,2082,4.116606,,9649,55.64
base,2083,4.116551,,10123,55.67
base,2084,4.111579,,10371,55.69
base,2085,4.123969,,10198,55.72
base,2086,4.117846,,10370,55.75
base,2087,4.102858,,10487,55.77
base,2088,4.106764,,10406,55.80
base,2089,4.089001,,10321,55.82
base,2090,4.109112,,10261,55.85
base,2091,4.115709,,10354,55.88
base,2092,4.101357,,10630,55.90
base,2093,4.107096,,10470,55.93
base,2094,4.098729,,10395,55.95
base,2095,4.092075,,10282,55.98
base,2096,4.078463,,10621,56.01
base,2097,4.095160,,10650,56.03
base,2098,4.099541,,10615,56.06
base,2099,4.100938,,10378,56.08
base,2100,4.112083,1.272744,6322,56.13
base,2101,4.116706,,9786,56.16
base,2102,4.111635,,9651,56.18
base,2103,4.111992,,9559,56.21
base,2104,4.112875,,9917,56.24
base,2105,4.099514,,9102,56.27
base,2106,4.110537,,9571,56.30
base,2107,4.108723,,10051,56.33
base,2108,4.093715,,9725,56.35
base,2109,4.099502,,9314,56.38
base,2110,4.090485,,9420,56.41
base,2111,4.092674,,10321,56.44
base,2112,4.100617,,10602,56.46
base,2113,4.077516,,10039,56.49
base,2114,4.070573,,10312,56.52
base,2115,4.080673,,10078,56.55
base,2116,4.069548,,10386,56.57
base,2117,4.072569,,10557,56.60
base,2118,4.076475,,10422,56.62
base,2119,4.090329,,10068,56.65
base,2120,4.074108,,10245,56.68
base,2121,4.069973,,9089,56.71
base,2122,4.069261,,10045,56.73
base,2123,4.071705,,10443,56.76
base,2124,4.059593,,10221,56.79
base,2125,4.055579,,10358,56.81
base,2126,4.068488,,10896,56.84
base,2127,4.077533,,10684,56.86
base,2128,4.086180,,10500,56.89
base,2129,4.070876,,10516,56.92
base,2130,4.086670,,10014,56.94
base,2131,4.079311,,10678,56.97
base,2132,4.086840,,11009,56.99
base,2133,4.084827,,10906,57.02
base,2134,4.099202,,10815,57.04
base,2135,4.087113,,10460,57.07
base,2136,4.082759,,11381,57.09
base,2137,4.081792,,10193,57.12
base,2138,4.099369,,9335,57.15
base,2139,4.108021,,10713,57.18
base,2140,4.105313,,11323,57.20
base,2141,4.132737,,11272,57.22
base,2142,4.137407,,9960,57.25
base,2143,4.138196,,11283,57.28
base,2144,4.138530,,10212,57.30
base,2145,4.133797,,11064,57.33
base,2146,4.115086,,10745,57.35
base,2147,4.124147,,11364,57.38
base,2148,4.128772,,11305,57.40
base,2149,4.115266,,10266,57.43
base,2150,4.113409,,10716,57.45
base,2151,4.111347,,11123,57.48
base,2152,4.117324,,10727,57.50
base,2153,4.119584,,10989,57.53
base,2154,4.112967,,10675,57.55
base,2155,4.116324,,11041,57.58
base,2156,4.104314,,10467,57.60
base,2157,4.103459,,11203,57.63
base,2158,4.109575,,10574,57.65
base,2159,4.100800,,11458,57.68
base,2160,4.094998,,10232,57.71
base,2161,4.095628,,10431,57.73
base,2162,4.105815,,10558,57.76
base,2163,4.118174,,10627,57.78
base,2164,4.131028,,10378,57.81
base,2165,4.123195,,10945,57.83
base,2166,4.123263,,10366,57.86
base,2167,4.123644,,10349,57.89
base,2168,4.126863,,10176,57.91
base,2169,4.124897,,10803,57.94
base,2170,4.124979,,10243,57.97
base,2171,4.100174,,10361,57.99
base,2172,4.102750,,10313,58.02
base,2173,4.113692,,9855,58.05
base,2174,4.092159,,10404,58.07
base,2175,4.089404,,9990,58.10
base,2176,4.099407,,10245,58.13
base,2177,4.099474,,11046,58.15
base,2178,4.094699,,10234,58.18
base,2179,4.090335,,10119,58.20
base,2180,4.087773,,10326,58.23
base,2181,4.075822,,9834,58.26
base,2182,4.080842,,9416,58.29
base,2183,4.094842,,11175,58.31
base,2184,4.101000,,10551,58.34
base,2185,4.113300,,11259,58.36
base,2186,4.095524,,10622,58.39
base,2187,4.091062,,10861,58.41
base,2188,4.083969,,11190,58.44
base,2189,4.064650,,10638,58.46
base,2190,4.075362,,10951,58.49
base,2191,4.074844,,10095,58.52
base,2192,4.073761,,11289,58.54
base,2193,4.071952,,10487,58.57
base,2194,4.059184,,10366,58.59
base,2195,4.077272,,10201,58.62
base,2196,4.067897,,10929,58.64
base,2197,4.070889,,10490,58.67
base,2198,4.082832,,10829,58.70
base,2199,4.092110,,9658,58.72
base,2200,4.073012,1.266337,7779,58.76
base,2201,4.067944,,9843,58.79
base,2202,4.079659,,9926,58.81
base,2203,4.077263,,10091,58.84
base,2204,4.082731,,10148,58.87
base,2205,4.093665,,10511,58.89
base,2206,4.092559,,9850,58.92
base,2207,4.093624,,9951,58.95
base,2208,4.099753,,9856,58.98
base,2209,4.114815,,9932,59.00
base,2210,4.103630,,9935,59.03
base,2211,4.105951,,10133,59.06
base,2212,4.096750,,10145,59.09
base,2213,4.085396,,9924,59.11
base,2214,4.079860,,10251,59.14
base,2215,4.069358,,9813,59.17
base,2216,4.071224,,9895,59.19
base,2217,4.075989,,9821,59.22
base,2218,4.076894,,10170,59.25
base,2219,4.074179,,11020,59.27
base,2220,4.073093,,9886,59.30
base,2221,4.072910,,9492,59.33
base,2222,4.074780,,9671,59.36
base,2223,4.079961,,10450,59.39
base,2224,4.075411,,10503,59.41
base,2225,4.061158,,10670,59.44
base,2226,4.062471,,10207,59.46
base,2227,4.067272,,10917,59.49
base,2228,4.067105,,9985,59.52
base,2229,4.068230,,10212,59.54
base,2230,4.076397,,10258,59.57
base,2231,4.083254,,10278,59.60
base,2232,4.085032,,10078,59.62
base,2233,4.079090,,10212,59.65
base,2234,4.076740,,10404,59.68
base,2235,4.072216,,10423,59.70
base,2236,4.073539,,10570,59.73
base,2237,4.067842,,10063,59.75
base,2238,4.061323,,10012,59.78
base,2239,4.077189,,10496,59.81
base,2240,4.078338,,10234,59.83
base,2241,4.078184,,10756,59.86
base,2242,4.093686,,10060,59.89
base,2243,4.084492,,11069,59.91
base,2244,4.080675,,9826,59.94
base,2245,4.069847,,10345,59.97
base,2246,4.062148,,10533,59.99
base,2247,4.071589,,10729,60.02
base,2248,4.084127,,11040,60.04
base,2249,4.084486,,11263,60.07
base,2250,4.067736,,10496,60.09
base,2251,4.061442,,10926,60.12
base,2252,4.051628,,11157,60.14
base,2253,4.052078,,9749,60.17
base,2254,4.052686,,10943,60.20
base,2255,4.044926,,10556,60.22
base,2256,4.063414,,9927,60.25
base,2257,4.084729,,10992,60.27
base,2258,4.088121,,11089,60.30
base,2259,4.086456,,10385,60.32
base,2260,4.084504,,10494,60.35
base,2261,4.084294,,10926,60.38
base,2262,4.089657,,10928,60.40
base,2263,4.103429,,11130,60.42
base,2264,4.100706,,10952,60.45
base,2265,4.096027,,9923,60.48
base,2266,4.093310,,9880,60.50
base,2267,4.096296,,9714,60.53
base,2268,4.110217,,10817,60.56
base,2269,4.118674,,10202,60.58
base,2270,4.109771,,10324,60.61
base,2271,4.102879,,10018,60.64
base,2272,4.107375,,10922,60.66
base,2273,4.095550,,10996,60.69
base,2274,4.082145,,9567,60.72
base,2275,4.080257,,9549,60.75
base,2276,4.083164,,9840,60.77
base,2277,4.088083,,10148,60.80
base,2278,4.107171,,10006,60.83
base,2279,4.109337,,9989,60.85
base,2280,4.109128,,9223,60.88
base,2281,4.112002,,10306,60.91
base,2282,4.103046,,10837,60.94
base,2283,4.098282,,10732,60.96
base,2284,4.087606,,9955,60.99
base,2285,4.087023,,10928,61.01
base,2286,4.081382,,10331,61.04
base,2287,4.083440,,10443,61.07
base,2288,4.092569,,11215,61.09
base,2289,4.084880,,11259,61.12
base,2290,4.071826,,11242,61.14
base,2291,4.075546,,11084,61.16
base,2292,4.078444,,10395,61.19
base,2293,4.079175,,11226,61.21
base,2294,4.091492,,10864,61.24
base,2295,4.093827,,11206,61.26
base,2296,4.086887,,10726,61.29
base,2297,4.060515,,10820,61.31
base,2298,4.067883,,10966,61.34
base,2299,4.070992,,10892,61.36
base,2300,4.077547,1.259622,10613,61.39
base,2301,4.084598,,10757,61.42
base,2302,4.082928,,10630,61.44
base,2303,4.085042,,10917,61.47
base,2304,4.095913,,10809,61.49
base,2305,4.107622,,11093,61.52
base,2306,4.110967,,11307,61.54
base,2307,4.110180,,10425,61.57
base,2308,4.094039,,9001,61.60
base,2309,4.093788,,10165,61.62
base,2310,4.095088,,10447,61.65
base,2311,4.101552,,10533,61.68
base,2312,4.087099,,10201,61.70
base,2313,4.085729,,10094,61.73
base,2314,4.078294,,10112,61.76
base,2315,4.076366,,10230,61.78
base,2316,4.080160,,10070,61.81
base,2317,4.072331,,10024,61.84
base,2318,4.084018,,9534,61.87
base,2319,4.082000,,9839,61.89
base,2320,4.064637,,10668,61.92
base,2321,4.067611,,11076,61.94
base,2322,4.055286,,10190,61.97
base,2323,4.053127,,11144,62.00
base,2324,4.048008,,10437,62.02
base,2325,4.044480,,11139,62.05
base,2326,4.062456,,11406,62.07
base,2327,4.058664,,11172,62.10
base,2328,4.072848,,11275,62.12
base,2329,4.067330,,10929,62.14
base,2330,4.085954,,10576,62.17
base,2331,4.084124,,10891,62.20
base,2332,4.081940,,11142,62.22
base,2333,4.098099,,10901,62.24
base,2334,4.095191,,10402,62.27
base,2335,4.086520,,10726,62.30
base,2336,4.081401,,11013,62.32
base,2337,4.083367,,11038,62.35
base,2338,4.094396,,10980,62.37
base,2339,4.101185,,10941,62.40
base,2340,4.082657,,11051,62.42
base,2341,4.075178,,11134,62.45
base,2342,4.079940,,10908,62.47
base,2343,4.068629,,10980,62.49
base,2344,4.087759,,11064,62.52
base,2345,4.102453,,10932,62.54
base,2346,4.093450,,10517,62.57
base,2347,4.104115,,11019,62.60
base,2348,4.104574,,10935,62.62
base,2349,4.106827,,10957,62.65
base,2350,4.103755,,11105,62.67
base,2351,4.099425,,11214,62.69
base,2352,4.093685,,10527,62.72
base,2353,4.089369,,10954,62.75
base,2354,4.093112,,10982,62.77
base,2355,4.083271,,11081,62.79
base,2356,4.069522,,11102,62.82
base,2357,4.091351,,10800,62.84
base,2358,4.098850,,10536,62.87
base,2359,4.094112,,11036,62.90
base,2360,4.099264,,11063,62.92
base,2361,4.084681,,11093,62.94
base,2362,4.070320,,10672,62.97
base,2363,4.064966,,11445,62.99
base,2364,4.065091,,10456,63.02
base,2365,4.065122,,11286,63.04
base,2366,4.065396,,10605,63.07
base,2367,4.055415,,11091,63.09
base,2368,4.065951,,10428,63.12
base,2369,4.075408,,9853,63.15
base,2370,4.059387,,9532,63.18
base,2371,4.068956,,9884,63.20
base,2372,4.085891,,11157,63.23
base,2373,4.092846,,10207,63.26
base,2374,4.079635,,11340,63.28
base,2375,4.091559,,9924,63.31
base,2376,4.084768,,10310,63.33
base,2377,4.068726,,10751,63.36
base,2378,4.062816,,10458,63.39
base,2379,4.051947,,10696,63.41
base,2380,4.046873,,10339,63.44
base,2381,4.053096,,9528,63.47
base,2382,4.064886,,10267,63.49
base,2383,4.079015,,11091,63.52
base,2384,4.070956,,10770,63.54
base,2385,4.079744,,10703,63.57
base,2386,4.097398,,10441,63.59
base,2387,4.096902,,10373,63.62
base,2388,4.095096,,10558,63.65
base,2389,4.103378,,10744,63.67
base,2390,4.105926,,10568,63.70
base,2391,4.104216,,10711,63.72
base,2392,4.114374,,10344,63.75
base,2393,4.107030,,11129,63.77
base,2394,4.115571,,11171,63.80
base,2395,4.098042,,10328,63.83
base,2396,4.108029,,9932,63.85
base,2397,4.100975,,9832,63.88
base,2398,4.101455,,10011,63.91
base,2399,4.096968,,9869,63.94
base,2400,4.095301,1.253774,6301,63.98
base,2401,4.084920,,9791,64.01
base,2402,4.087617,,10030,64.03
base,2403,4.071501,,9625,64.06
base,2404,4.063305,,10138,64.09
base,2405,4.062932,,10015,64.12
base,2406,4.069627,,10248,64.14
base,2407,4.048337,,10237,64.17
base,2408,4.048455,,10119,64.20
base,2409,4.044975,,10212,64.22
base,2410,4.045533,,10242,64.25
base,2411,4.053229,,10322,64.28
base,2412,4.075565,,10183,64.30
base,2413,4.078226,,9591,64.33
base,2414,4.076379,,9974,64.36
base,2415,4.075098,,10068,64.39
base,2416,4.067870,,10348,64.41
base,2417,4.060737,,10394,64.44
base,2418,4.050466,,10405,64.47
base,2419,4.051985,,10475,64.49
base,2420,4.054791,,10461,64.52
base,2421,4.070336,,10838,64.54
base,2422,4.059477,,10375,64.57
base,2423,4.062747,,10738,64.59
base,2424,4.051105,,10484,64.62
base,2425,4.060855,,10476,64.65
base,2426,4.054371,,10448,64.67
base,2427,4.031207,,10608,64.70
base,2428,4.057155,,10406,64.72
base,2429,4.067562,,10544,64.75
base,2430,4.065333,,10319,64.78
base,2431,4.065678,,10210,64.80
base,2432,4.068470,,10770,64.83
base,2433,4.048498,,9975,64.86
base,2434,4.043806,,9728,64.88
base,2435,4.027129,,9732,64.91
base,2436,4.028581,,11157,64.94
base,2437,4.043904,,10788,64.96
base,2438,4.054845,,11010,64.99
base,2439,4.048926,,11148,65.01
base,2440,4.052290,,11011,65.04
base,2441,4.062241,,10810,65.06
base,2442,4.062436,,11300,65.09
base,2443,4.051328,,11004,65.11
base,2444,4.060036,,11116,65.14
base,2445,4.067114,,11178,65.16
base,2446,4.084316,,10641,65.19
base,2447,4.086176,,10898,65.21
base,2448,4.087879,,11418,65.23
base,2449,4.077946,,10673,65.26
base,2450,4.079450,,10919,65.28
base,2451,4.071591,,11023,65.31
base,2452,4.056064,,10772,65.33
base,2453,4.055466,,10874,65.36
base,2454,4.052459,,10914,65.38
base,2455,4.053262,,10323,65.41
base,2456,4.037280,,10680,65.44
base,2457,4.043010,,10473,65.46
base,2458,4.031411,,10503,65.49
base,2459,4.030075,,11338,65.51
base,2460,4.036459,,10626,65.54
base,2461,4.041661,,11045,65.56
base,2462,4.046787,,10610,65.59
base,2463,4.034835,,11709,65.61
base,2464,4.025098,,11208,65.64
base,2465,4.030183,,11146,65.66
base,2466,4.036486,,11198,65.69
base,2467,4.042342,,10938,65.71
base,2468,4.030950,,10895,65.74
base,2469,4.031170,,10951,65.76
base,2470,4.017336,,10968,65.79
base,2471,4.023071,,11181,65.81
base,2472,3.999341,,11336,65.83
base,2473,3.981178,,10763,65.86
base,2474,3.975388,,10628,65.89
base,2475,3.962970,,11122,65.91
base,2476,3.972870,,11075,65.93
base,2477,3.976965,,10869,65.96
base,2478,3.970518,,11257,65.98
base,2479,3.980788,,10881,66.01
base,2480,3.989459,,10630,66.03
base,2481,3.990839,,11410,66.06
base,2482,4.007945,,10767,66.08
base,2483,4.000280,,10697,66.11
base,2484,4.002070,,10667,66.14
base,2485,3.991703,,10766,66.16
base,2486,3.996778,,10819,66.19
base,2487,4.003618,,11049,66.21
base,2488,4.005928,,11032,66.24
base,2489,3.996925,,10866,66.26
base,2490,4.004488,,10381,66.29
base,2491,4.014632,,10548,66.31
base,2492,4.009565,,10353,66.34
base,2493,4.013975,,9250,66.37
base,2494,4.028438,,9260,66.40
base,2495,4.019891,,10168,66.42
base,2496,4.011234,,9639,66.45
base,2497,4.014286,,9830,66.48
base,2498,4.010304,,9825,66.51
base,2499,4.003899,,10300,66.54
base,2500,4.008123,1.248040,6930,66.57
base,2501,4.017455,,10406,66.60
base,2502,4.011346,,10544,66.63
base,2503,4.017480,,10502,66.65
base,2504,4.037014,,10252,66.68
base,2505,4.030397,,10439,66.71
base,2506,4.047843,,10487,66.73
base,2507,4.033374,,10039,66.76
base,2508,4.022998,,10079,66.79
base,2509,4.035793,,10417,66.81
base,2510,4.027736,,10281,66.84
base,2511,4.030376,,10145,66.87
base,2512,4.026629,,9911,66.89
base,2513,4.025248,,10373,66.92
base,2514,4.019036,,9671,66.95
base,2515,4.031155,,10673,66.97
base,2516,4.058132,,10784,67.00
base,2517,4.065607,,10376,67.02
base,2518,4.057904,,10791,67.05
base,2519,4.044512,,10924,67.08
base,2520,4.054696,,11066,67.10
base,2521,4.063020,,10904,67.12
base,2522,4.046747,,10708,67.15
base,2523,4.051224,,11147,67.17
base,2524,4.062795,,11022,67.20
base,2525,4.057630,,11473,67.22
base,2526,4.061154,,10619,67.25
base,2527,4.051100,,10764,67.27
base,2528,4.045420,,10667,67.30
base,2529,4.040941,,10786,67.33
base,2530,4.038511,,10485,67.35
base,2531,4.044449,,11052,67.38
base,2532,4.036524,,10725,67.40
base,2533,4.047932,,10830,67.43
base,2534,4.042727,,10869,67.45
base,2535,4.044760,,11039,67.48
base,2536,4.025530,,10692,67.50
base,2537,4.026953,,10689,67.53
base,2538,4.036548,,11141,67.55
base,2539,4.038498,,10227,67.58
base,2540,4.014073,,10692,67.60
base,2541,4.021807,,10419,67.63
base,2542,4.006549,,8869,67.66
base,2543,4.021398,,8955,67.69
base,2544,4.022424,,8904,67.72
base,2545,4.012019,,9897,67.75
base,2546,4.013158,,9651,67.78
base,2547,4.031742,,9935,67.81
base,2548,4.029454,,10032,67.83
base,2549,4.014942,,9926,67.86
base,2550,4.009381,,10133,67.89
base,2551,4.009432,,9791,67.92
base,2552,4.022744,,9948,67.94
base,2553,4.028468,,10957,67.97
base,2554,4.032752,,10361,67.99
base,2555,4.035092,,10853,68.02
base,2556,4.037509,,10917,68.04
base,2557,4.043875,,11287,68.07
base,2558,4.034408,,11084,68.09
base,2559,4.023724,,11057,68.12
base,2560,4.022067,,11050,68.14
base,2561,4.031055,,10897,68.17
base,2562,4.031777,,10767,68.19
base,2563,4.027368,,11238,68.22
base,2564,4.036781,,11437,68.24
base,2565,4.030714,,11483,68.26
base,2566,4.022742,,10675,68.29
base,2567,4.034774,,11370,68.31
base,2568,4.039374,,9983,68.34
base,2569,4.031931,,9966,68.37
base,2570,4.033528,,9335,68.40
base,2571,4.029833,,9910,68.43
base,2572,4.024841,,9287,68.46
base,2573,4.033227,,9762,68.48
base,2574,4.042949,,11067,68.51
base,2575,4.034511,,10891,68.53
base,2576,4.052902,,10858,68.56
base,2577,4.045924,,11343,68.58
base,2578,4.046682,,9516,68.61
base,2579,4.040542,,9931,68.64
base,2580,4.040881,,9577,68.67
base,2581,4.046909,,10796,68.69
base,2582,4.056223,,10959,68.72
base,2583,4.040398,,10202,68.74
base,2584,4.054340,,10656,68.77
base,2585,4.057355,,10333,68.80
base,2586,4.043452,,10948,68.82
base,2587,4.039669,,10753,68.85
base,2588,4.046796,,10534,68.87
base,2589,4.031487,,10744,68.90
base,2590,4.023339,,10393,68.92
base,2591,4.026652,,10050,68.95
base,2592,4.000110,,10353,68.98
base,2593,3.986843,,10791,69.00
base,2594,4.001293,,10021,69.03
base,2595,4.003794,,10448,69.06
base,2596,3.999942,,9749,69.08
base,2597,3.996921,,10093,69.11
base,2598,3.991375,,9610,69.14
base,2599,3.992915,,11092,69.16
base,2600,3.989062,1.243302,9836,69.19
base,2601,3.981579,,10069,69.22
base,2602,3.990627,,10420,69.25
base,2603,4.005072,,10360,69.27
base,2604,4.011602,,10097,69.30
base,2605,4.017005,,11165,69.32
base,2606,4.025214,,9487,69.35
base,2607,4.022822,,9912,69.38
base,2608,4.016284,,10182,69.41
base,2609,4.013225,,10683,69.43
base,2610,4.018381,,10787,69.46
base,2611,4.022417,,10612,69.48
base,2612,4.022460,,10606,69.51
base,2613,4.024848,,10298,69.54
base,2614,4.021027,,10214,69.56
base,2615,4.020702,,10718,69.59
base,2616,4.013741,,10944,69.61
base,2617,4.029203,,10679,69.64
base,2618,4.033740,,11020,69.66
base,2619,4.018882,,10094,69.69
base,2620,4.020507,,10163,69.72
base,2621,4.018954,,11051,69.74
base,2622,4.019183,,9692,69.77
base,2623,4.021460,,10178,69.80
base,2624,4.018856,,10805,69.82
base,2625,4.007597,,10546,69.85
base,2626,4.005677,,10125,69.87
base,2627,4.001795,,10109,69.90
base,2628,4.006754,,10103,69.93
base,2629,3.998847,,11283,69.95
base,2630,4.004866,,10063,69.98
base,2631,3.989622,,10156,70.01
base,2632,3.996819,,9956,70.03
base,2633,3.992717,,9886,70.06
base,2634,3.996420,,10244,70.09
base,2635,3.992548,,10164,70.12
base,2636,4.000243,,10135,70.14
base,2637,4.005875,,10547,70.17
base,2638,4.010674,,10473,70.19
base,2639,4.017403,,10366,70.22
base,2640,4.018766,,10532,70.25
base,2641,4.000083,,10464,70.27
base,2642,3.990719,,10073,70.30
base,2643,3.999786,,10754,70.33
base,2644,3.998385,,10950,70.35
base,2645,4.006335,,10417,70.38
base,2646,3.997015,,11348,70.40
base,2647,3.999478,,11059,70.43
base,2648,4.011333,,10293,70.45
base,2649,3.998899,,9826,70.48
base,2650,3.991889,,9897,70.51
base,2651,3.990495,,10204,70.53
base,2652,3.993728,,10253,70.56
base,2653,3.990351,,10075,70.59
base,2654,3.977505,,9594,70.62
base,2655,3.979185,,9801,70.64
base,2656,3.966548,,10477,70.67
base,2657,3.969342,,9154,70.70
base,2658,3.974801,,10072,70.73
base,2659,3.966482,,9896,70.75
base,2660,3.972098,,10276,70.78
base,2661,3.980536,,11290,70.81
base,2662,3.978745,,10058,70.83
base,2663,3.979426,,10338,70.86
base,2664,3.974742,,10575,70.88
base,2665,3.964326,,8992,70.91
base,2666,3.969036,,8585,70.95
base,2667,3.975984,,10203,70.97
base,2668,3.981917,,9872,71.00
base,2669,3.994791,,11213,71.03
base,2670,3.996922,,9489,71.05
base,2671,3.995240,,10542,71.08
base,2672,3.996622,,10063,71.11
base,2673,4.010904,,10783,71.13
base,2674,4.006623,,11232,71.16
base,2675,3.988891,,10500,71.18
base,2676,3.980182,,11182,71.21
base,2677,3.992730,,10653,71.23
base,2678,3.994915,,10909,71.26
base,2679,4.001708,,10922,71.28
base,2680,3.998296,,11054,71.31
base,2681,4.000832,,10583,71.33
base,2682,3.986703,,10131,71.36
base,2683,3.994995,,9252,71.39
base,2684,3.997279,,10522,71.42
base,2685,3.996041,,10487,71.44
base,2686,3.997896,,10344,71.47
base,2687,4.002096,,9619,71.50
base,2688,4.021025,,10237,71.52
base,2689,4.020253,,10051,71.55
base,2690,4.011977,,10057,71.58
base,2691,4.015500,,9854,71.61
base,2692,4.020899,,10538,71.63
base,2693,4.013334,,10073,71.66
base,2694,4.010875,,10138,71.69
base,2695,4.017449,,10333,71.71
base,2696,4.017468,,10889,71.74
base,2697,4.021247,,8643,71.77
base,2698,4.034964,,10171,71.80
base,2699,4.015348,,10046,71.82
base,2700,4.001722,1.237713,10596,71.85
base,2701,3.997237,,10090,71.88
base,2702,3.985828,,10476,71.90
base,2703,3.988258,,11008,71.93
base,2704,3.992152,,10498,71.95
base,2705,3.989765,,10652,71.98
base,2706,3.998866,,10800,72.00
base,2707,3.993533,,10329,72.03
base,2708,3.982410,,10615,72.06
base,2709,3.980995,,10561,72.08
base,2710,3.989393,,10768,72.11
base,2711,3.995914,,10470,72.13
base,2712,4.004854,,10796,72.16
base,2713,4.000020,,10150,72.18
base,2714,4.007439,,10432,72.21
base,2715,4.002192,,10567,72.24
base,2716,3.990966,,10971,72.26
base,2717,3.993094,,11021,72.29
base,2718,4.004673,,10917,72.31
base,2719,3.997270,,10100,72.34
base,2720,4.009859,,10757,72.36
base,2721,4.001604,,10548,72.39
base,2722,3.999515,,11372,72.41
base,2723,3.970948,,10250,72.44
base,2724,3.968043,,9827,72.47
base,2725,3.961046,,9792,72.50
base,2726,3.956590,,9729,72.52
base,2727,3.958564,,10199,72.55
base,2728,3.967431,,10034,72.58
base,2729,3.962553,,10396,72.60
base,2730,3.963594,,9857,72.63
base,2731,3.965303,,10658,72.66
base,2732,3.978882,,11197,72.68
base,2733,3.968839,,10713,72.71
base,2734,3.970509,,10332,72.73
base,2735,3.970586,,10695,72.76
base,2736,3.976345,,10390,72.79
base,2737,3.973110,,11141,72.81
base,2738,3.987410,,11170,72.83
base,2739,3.973688,,11404,72.86
base,2740,3.978751,,11197,72.88
base,2741,3.979040,,10834,72.91
base,2742,3.976371,,10764,72.93
base,2743,3.951997,,10659,72.96
base,2744,3.960224,,10561,72.99
base,2745,3.952051,,10796,73.01
base,2746,3.947301,,10757,73.04
base,2747,3.940009,,10589,73.06
base,2748,3.953648,,10116,73.09
base,2749,3.962093,,9727,73.12
base,2750,3.964475,,9884,73.14
base,2751,3.968024,,10668,73.17
base,2752,3.981093,,11016,73.19
base,2753,3.974372,,10585,73.22
base,2754,3.979074,,11191,73.25
base,2755,3.987200,,10111,73.27
base,2756,3.983187,,9633,73.30
base,2757,3.989257,,10567,73.33
base,2758,3.984415,,10904,73.35
base,2759,3.976917,,10867,73.38
base,2760,3.985034,,10554,73.40
base,2761,3.988753,,10304,73.43
base,2762,3.973695,,10377,73.46
base,2763,3.963752,,10439,73.48
base,2764,3.966551,,10836,73.51
base,2765,3.955835,,10487,73.53
base,2766,3.953552,,10404,73.56
base,2767,3.946399,,10541,73.58
base,2768,3.933677,,11072,73.61
base,2769,3.937410,,10590,73.64
base,2770,3.944909,,10614,73.66
base,2771,3.936326,,9965,73.69
base,2772,3.930397,,9853,73.72
base,2773,3.954691,,9978,73.74
base,2774,3.961411,,10004,73.77
base,2775,3.951585,,10055,73.80
base,2776,3.962949,,9867,73.83
base,2777,3.962510,,10048,73.85
base,2778,3.974020,,9673,73.88
base,2779,3.981538,,10396,73.91
base,2780,3.988884,,11247,73.93
base,2781,3.983891,,10935,73.96
base,2782,3.985009,,11107,73.98
base,2783,3.971435,,11206,74.01
base,2784,3.978092,,11032,74.03
base,2785,3.970874,,11196,74.05
base,2786,3.971881,,11397,74.08
base,2787,3.980867,,11083,74.10
base,2788,3.974607,,11024,74.13
base,2789,3.983146,,11140,74.15
base,2790,3.974962,,11022,74.18
base,2791,3.952473,,11071,74.20
base,2792,3.945095,,11209,74.23
base,2793,3.945264,,11235,74.25
base,2794,3.934609,,10686,74.28
base,2795,3.918793,,11192,74.30
base,2796,3.928554,,10619,74.33
base,2797,3.940956,,11051,74.35
base,2798,3.938227,,10474,74.38
base,2799,3.946449,,11123,74.40
base,2800,3.947943,1.233837,10934,74.43
base,2801,3.956522,,11300,74.45
base,2802,3.977282,,10505,74.48
base,2803,3.981480,,10922,74.50
base,2804,3.971648,,10179,74.53
base,2805,3.973589,,10434,74.55
base,2806,3.957018,,10231,74.58
base,2807,3.968263,,10454,74.61
base,2808,3.978531,,10563,74.63
base,2809,3.991931,,9282,74.66
base,2810,3.997664,,9839,74.69
base,2811,3.993662,,9906,74.72
base,2812,3.979315,,9905,74.75
base,2813,3.983316,,9536,74.77
base,2814,3.970814,,10377,74.80
base,2815,3.962286,,10329,74.83
base,2816,3.957858,,10536,74.85
base,2817,3.964732,,10552,74.88
base,2818,3.968520,,10030,74.91
base,2819,3.970046,,11328,74.93
base,2820,3.981906,,9085,74.96
base,2821,3.960086,,9792,74.99
base,2822,3.972423,,9820,75.02
base,2823,3.951378,,10024,75.04
base,2824,3.933507,,10401,75.07
base,2825,3.937672,,10986,75.09
base,2826,3.926188,,10930,75.12
base,2827,3.902239,,11028,75.14
base,2828,3.926403,,10465,75.17
base,2829,3.928978,,10826,75.20
base,2830,3.927735,,10171,75.22
base,2831,3.924153,,10692,75.25
base,2832,3.913005,,10497,75.27
base,2833,3.912383,,11087,75.30
base,2834,3.925168,,10358,75.32
base,2835,3.934010,,10952,75.35
base,2836,3.930945,,10353,75.38
base,2837,3.930491,,10308,75.40
base,2838,3.932927,,11321,75.43
base,2839,3.946100,,10321,75.45
base,2840,3.954481,,11172,75.48
base,2841,3.959680,,10785,75.50
base,2842,3.954854,,10317,75.53
base,2843,3.972116,,11053,75.55
base,2844,3.963485,,11184,75.58
base,2845,3.961805,,10903,75.60
base,2846,3.971805,,11159,75.63
base,2847,3.965950,,11024,75.65
base,2848,3.969895,,11400,75.68
base,2849,3.948116,,11126,75.70
base,2850,3.945591,,10732,75.73
base,2851,3.943156,,11274,75.75
base,2852,3.948850,,11014,75.78
base,2853,3.945176,,11414,75.80
base,2854,3.955236,,10954,75.82
base,2855,3.957106,,11291,75.85
base,2856,3.952143,,11206,75.87
base,2857,3.954322,,11239,75.90
base,2858,3.953044,,11147,75.92
base,2859,3.955232,,11252,75.95
base,2860,3.939462,,11221,75.97
base,2861,3.939563,,10939,76.00
base,2862,3.954547,,11186,76.02
base,2863,3.953478,,10552,76.05
base,2864,3.947507,,10809,76.07
base,2865,3.953803,,11127,76.10
base,2866,3.970147,,10740,76.12
base,2867,3.953216,,10697,76.15
base,2868,3.943073,,10492,76.17
base,2869,3.937066,,11048,76.20
base,2870,3.944260,,10061,76.22
base,2871,3.951234,,11615,76.25
base,2872,3.959838,,10598,76.27
base,2873,3.966764,,11299,76.30
base,2874,3.974845,,10821,76.32
base,2875,3.966294,,10482,76.35
base,2876,3.962244,,10924,76.37
base,2877,3.969130,,10860,76.40
base,2878,3.960244,,10751,76.42
base,2879,3.961980,,11247,76.45
base,2880,3.971118,,10862,76.47
base,2881,3.968376,,11292,76.50
base,2882,3.990801,,11150,76.52
base,2883,3.987678,,11113,76.55
base,2884,3.981653,,11484,76.57
base,2885,3.973781,,11097,76.60
base,2886,3.965957,,11029,76.62
base,2887,3.958147,,10920,76.65
base,2888,3.964777,,11241,76.67
base,2889,3.950648,,11158,76.69
base,2890,3.945655,,11321,76.72
base,2891,3.945485,,11010,76.74
base,2892,3.946313,,9917,76.77
base,2893,3.953562,,10141,76.80
base,2894,3.951969,,10768,76.82
base,2895,3.945953,,11048,76.85
base,2896,3.952815,,10517,76.87
base,2897,3.965280,,10703,76.90
base,2898,3.986229,,10082,76.93
base,2899,3.977681,,9693,76.95
base,2900,3.969992,1.228945,10739,76.98
base,2901,3.956534,,10388,77.01
base,2902,3.967204,,11326,77.03
base,2903,3.935808,,10330,77.06
base,2904,3.930955,,10420,77.08
base,2905,3.947737,,9910,77.11
base,2906,3.937901,,10093,77.14
base,2907,3.946751,,10627,77.16
base,2908,3.944171,,10575,77.19
base,2909,3.926888,,11065,77.21
base,2910,3.925292,,11014,77.24
base,2911,3.945233,,11220,77.26
base,2912,3.938948,,10941,77.29
base,2913,3.939510,,11379,77.31
base,2914,3.956779,,10977,77.34
base,2915,3.961398,,11367,77.36
base,2916,3.957119,,10828,77.39
base,2917,3.966529,,11252,77.41
base,2918,3.957096,,11141,77.43
base,2919,3.957211,,11345,77.46
base,2920,3.955500,,11110,77.48
base,2921,3.951091,,11157,77.51
base,2922,3.949681,,11287,77.53
base,2923,3.958107,,11260,77.56
base,2924,3.957694,,11356,77.58
base,2925,3.973706,,11359,77.60
base,2926,3.981262,,11089,77.63
base,2927,3.967955,,10746,77.65
base,2928,3.971406,,11035,77.68
base,2929,3.970232,,10423,77.70
base,2930,3.967527,,11089,77.73
base,2931,3.962825,,11104,77.75
base,2932,3.963119,,9742,77.78
base,2933,3.956032,,10278,77.81
base,2934,3.949337,,10138,77.84
base,2935,3.960301,,10329,77.86
base,2936,3.959628,,10224,77.89
base,2937,3.967577,,10025,77.92
base,2938,3.967762,,11069,77.94
base,2939,3.972818,,9691,77.97
base,2940,3.977317,,9852,78.00
base,2941,3.968327,,10066,78.02
base,2942,3.963583,,9629,78.05
base,2943,3.971109,,9496,78.08
base,2944,3.972455,,9945,78.11
base,2945,3.949537,,9840,78.14
base,2946,3.955738,,9435,78.17
base,2947,3.950379,,9572,78.19
base,2948,3.931877,,10648,78.22
base,2949,3.940337,,10280,78.25
base,2950,3.937197,,10039,78.27
base,2951,3.928960,,8949,78.30
base,2952,3.932574,,9285,78.33
base,2953,3.943307,,8922,78.36
base,2954,3.952984,,9878,78.39
base,2955,3.954305,,10097,78.42
base,2956,3.952191,,9940,78.45
base,2957,3.952157,,9983,78.47
base,2958,3.955659,,10474,78.50
base,2959,3.944157,,10493,78.53
base,2960,3.951352,,10270,78.55
base,2961,3.966233,,10376,78.58
base,2962,3.965164,,10519,78.60
base,2963,3.979923,,10469,78.63
base,2964,3.980483,,10324,78.66
base,2965,3.963476,,11601,78.68
base,2966,3.953925,,10288,78.71
base,2967,3.952627,,10922,78.73
base,2968,3.946560,,11307,78.76
base,2969,3.944561,,11069,78.78
base,2970,3.950140,,11254,78.80
base,2971,3.950256,,11487,78.83
base,2972,3.957624,,10835,78.85
base,2973,3.947425,,11403,78.88
base,2974,3.934921,,11051,78.90
base,2975,3.941854,,11177,78.93
base,2976,3.951670,,10983,78.95
base,2977,3.957523,,11308,78.98
base,2978,3.961275,,11236,79.00
base,2979,3.951172,,10515,79.03
base,2980,3.941388,,11229,79.05
base,2981,3.948568,,11177,79.07
base,2982,3.949246,,11379,79.10
base,2983,3.955031,,11145,79.12
base,2984,3.962112,,11035,79.15
base,2985,3.951762,,10601,79.17
base,2986,3.938999,,9829,79.20
base,2987,3.946434,,10581,79.23
base,2988,3.951503,,10359,79.25
base,2989,3.956549,,10620,79.28
base,2990,3.958944,,10485,79.31
base,2991,3.947117,,10624,79.33
base,2992,3.944035,,10462,79.36
base,2993,3.958255,,10184,79.38
base,2994,3.940805,,10434,79.41
base,2995,3.954777,,9922,79.44
base,2996,3.956853,,10180,79.46
base,2997,3.959821,,10613,79.49
base,2998,3.967983,,10549,79.52
base,2999,3.974882,,10322,79.54
base,3000,3.972503,1.224042,10741,79.57
base,3001,3.969963,,11358,79.59
base,3002,3.956407,,11161,79.62
base,3003,3.939168,,10582,79.64
base,3004,3.942573,,10178,79.67
base,3005,3.944291,,10312,79.70
base,3006,3.940583,,10774,79.72
base,3007,3.941559,,10441,79.75
base,3008,3.953608,,10462,79.77
base,3009,3.944999,,10588,79.80
base,3010,3.950729,,10323,79.83
base,3011,3.958053,,10554,79.85
base,3012,3.945931,,10615,79.88
base,3013,3.948687,,10577,79.90
base,3014,3.937138,,10633,79.93
base,3015,3.938021,,10616,79.95
base,3016,3.932327,,10654,79.98
base,3017,3.934821,,10651,80.01
base,3018,3.934358,,10761,80.03
base,3019,3.946481,,10557,80.06
base,3020,3.947847,,10430,80.08
base,3021,3.943101,,10719,80.11
base,3022,3.937071,,10588,80.13
base,3023,3.929849,,10427,80.16
base,3024,3.917212,,10771,80.19
base,3025,3.923686,,10462,80.21
base,3026,3.914507,,10483,80.24
base,3027,3.896705,,10534,80.26
base,3028,3.895035,,10569,80.29
base,3029,3.905717,,11143,80.31
base,3030,3.915744,,10600,80.34
base,3031,3.932782,,10602,80.37
base,3032,3.926828,,10865,80.39
base,3033,3.927275,,10402,80.42
base,3034,3.920856,,10689,80.44
base,3035,3.914914,,10730,80.47
base,3036,3.912130,,10943,80.49
base,3037,3.916580,,10631,80.52
base,3038,3.915334,,10348,80.55
base,3039,3.913277,,10134,80.57
base,3040,3.910312,,10573,80.60
base,3041,3.895256,,10511,80.62
base,3042,3.890925,,10252,80.65
base,3043,3.893821,,10801,80.68
base,3044,3.886304,,10859,80.70
base,3045,3.901388,,10524,80.73
base,3046,3.905799,,10599,80.75
base,3047,3.920121,,10652,80.78
base,3048,3.918757,,10592,80.80
base,3049,3.919630,,10656,80.83
base,3050,3.924971,,10588,80.86
base,3051,3.944460,,10827,80.88
base,3052,3.924161,,10515,80.91
base,3053,3.928907,,10481,80.93
base,3054,3.938137,,10833,80.96
base,3055,3.939501,,10591,80.98
base,3056,3.936209,,10442,81.01
base,3057,3.942749,,10514,81.04
base,3058,3.944416,,10792,81.06
base,3059,3.937943,,10585,81.09
base,3060,3.945066,,10933,81.11
base,3061,3.943282,,10934,81.14
base,3062,3.946048,,10810,81.16
base,3063,3.953751,,10265,81.19
base,3064,3.956335,,10350,81.22
base,3065,3.967680,,10495,81.24
base,3066,3.961739,,10951,81.27
base,3067,3.969442,,11115,81.29
base,3068,3.967803,,10842,81.32
base,3069,3.970693,,11141,81.34
base,3070,3.967620,,10856,81.37
base,3071,3.952971,,11180,81.39
base,3072,3.959054,,10819,81.42
base,3073,3.939175,,11111,81.44
base,3074,3.952023,,10924,81.46
base,3075,3.954932,,11237,81.49
base,3076,3.947465,,11101,81.51
base,3077,3.962768,,11074,81.54
base,3078,3.958902,,10943,81.56
base,3079,3.960146,,11263,81.59
base,3080,3.963862,,11022,81.61
base,3081,3.954127,,11189,81.64
base,3082,3.935910,,10927,81.66
base,3083,3.940526,,11289,81.69
base,3084,3.940169,,11170,81.71
base,3085,3.942279,,11195,81.73
base,3086,3.941145,,11440,81.76
base,3087,3.937412,,11369,81.78
base,3088,3.935548,,11422,81.81
base,3089,3.933684,,11365,81.83
base,3090,3.933270,,11004,81.86
base,3091,3.921978,,11134,81.88
base,3092,3.921451,,10554,81.91
base,3093,3.912900,,11174,81.93
base,3094,3.931604,,10484,81.96
base,3095,3.942017,,11043,81.98
base,3096,3.957083,,11314,82.00
base,3097,3.950845,,10956,82.03
base,3098,3.942848,,11423,82.05
base,3099,3.942093,,11002,82.08
base,3100,3.956109,1.220255,10303,82.11
base,3101,3.955793,,11159,82.13
base,3102,3.967449,,11533,82.15
base,3103,3.970681,,11104,82.18
base,3104,3.970139,,11017,82.20
base,3105,3.964916,,11215,82.23
base,3106,3.971607,,11570,82.25
base,3107,3.968957,,11074,82.28
base,3108,3.959313,,11197,82.30
base,3109,3.961797,,11271,82.32
base,3110,3.960529,,10901,82.35
base,3111,3.971563,,11263,82.37
base,3112,3.963671,,10814,82.40
base,3113,3.956184,,11267,82.42
base,3114,3.952254,,10815,82.45
base,3115,3.941006,,11524,82.47
base,3116,3.943829,,11135,82.50
base,3117,3.954066,,11178,82.52
base,3118,3.947852,,11133,82.55
base,3119,3.947339,,11122,82.57
base,3120,3.948573,,11158,82.59
base,3121,3.950961,,11046,82.62
base,3122,3.960397,,11113,82.64
base,3123,3.957635,,11068,82.67
base,3124,3.939702,,10382,82.69
base,3125,3.940187,,10342,82.72
base,3126,3.937651,,10186,82.75
base,3127,3.945621,,10497,82.77
base,3128,3.958602,,10382,82.80
base,3129,3.956548,,10690,82.83
base,3130,3.965904,,10924,82.85
base,3131,3.958326,,10790,82.88
base,3132,3.949915,,10332,82.90
base,3133,3.936304,,10716,82.93
base,3134,3.946171,,10451,82.95
base,3135,3.954159,,10568,82.98
base,3136,3.970657,,10405,83.01
base,3137,3.964653,,10535,83.03
base,3138,3.958500,,10922,83.06
base,3139,3.928245,,10313,83.08
base,3140,3.928852,,10409,83.11
base,3141,3.912368,,10780,83.13
base,3142,3.908769,,10710,83.16
base,3143,3.915144,,10466,83.19
base,3144,3.913307,,10444,83.21
base,3145,3.917324,,10479,83.24
base,3146,3.910351,,10555,83.26
base,3147,3.905710,,10467,83.29
base,3148,3.906703,,10595,83.32
base,3149,3.922127,,10401,83.34
base,3150,3.920234,,10632,83.37
base,3151,3.904193,,10702,83.39
base,3152,3.915833,,10645,83.42
base,3153,3.929166,,10692,83.44
base,3154,3.935535,,10604,83.47
base,3155,3.927416,,10629,83.50
base,3156,3.933240,,10456,83.52
base,3157,3.936658,,10526,83.55
base,3158,3.925769,,10467,83.57
base,3159,3.921626,,10381,83.60
base,3160,3.923225,,10479,83.63
base,3161,3.923268,,10719,83.65
base,3162,3.912081,,10631,83.68
base,3163,3.914535,,10674,83.70
base,3164,3.902953,,10463,83.73
base,3165,3.908128,,10549,83.76
base,3166,3.925108,,10525,83.78
base,3167,3.932113,,10518,83.81
base,3168,3.906061,,10518,83.83
base,3169,3.915583,,10533,83.86
base,3170,3.925521,,10529,83.89
base,3171,3.933046,,10577,83.91
base,3172,3.934700,,10590,83.94
base,3173,3.928914,,10526,83.96
base,3174,3.934608,,10582,83.99
base,3175,3.932580,,10521,84.01
base,3176,3.922333,,10637,84.04
base,3177,3.927201,,10446,84.07
base,3178,3.932324,,10679,84.09
base,3179,3.928824,,10664,84.12
base,3180,3.931311,,10522,84.14
base,3181,3.925219,,10652,84.17
base,3182,3.908848,,10632,84.19
base,3183,3.904373,,10686,84.22
base,3184,3.915493,,10521,84.25
base,3185,3.924395,,10468,84.27
base,3186,3.925515,,10595,84.30
base,3187,3.929608,,10589,84.32
base,3188,3.914654,,10706,84.35
base,3189,3.903222,,10934,84.37
base,3190,3.909829,,10380,84.40
base,3191,3.913349,,10618,84.43
base,3192,3.915835,,10666,84.45
base,3193,3.921882,,10599,84.48
base,3194,3.923113,,10708,84.50
base,3195,3.904859,,10648,84.53
base,3196,3.911337,,10579,84.55
base,3197,3.899326,,10567,84.58
base,3198,3.907609,,10508,84.61
base,3199,3.915856,,10317,84.63
base,3200,3.905745,1.216421,8527,84.67
base,3201,3.904011,,10531,84.69
base,3202,3.905006,,10438,84.72
base,3203,3.899500,,10568,84.74
base,3204,3.911054,,10432,84.77
base,3205,3.924964,,10655,84.79
base,3206,3.923586,,10665,84.82
base,3207,3.926461,,10771,84.85
base,3208,3.912649,,10580,84.87
base,3209,3.914360,,10509,84.90
base,3210,3.918162,,10595,84.92
base,3211,3.922041,,10220,84.95
base,3212,3.930241,,10206,84.98
base,3213,3.936679,,10418,85.00
base,3214,3.915220,,10640,85.03
base,3215,3.919307,,10383,85.06
base,3216,3.922997,,10764,85.08
base,3217,3.917944,,10318,85.11
base,3218,3.910190,,9885,85.13
base,3219,3.907948,,10684,85.16
base,3220,3.915691,,10781,85.19
base,3221,3.918349,,10436,85.21
base,3222,3.918456,,10647,85.24
base,3223,3.920662,,10591,85.26
base,3224,3.914150,,10478,85.29
base,3225,3.920198,,10579,85.31
base,3226,3.916146,,10499,85.34
base,3227,3.916015,,10559,85.37
base,3228,3.926446,,10462,85.39
base,3229,3.926096,,10923,85.42
base,3230,3.908751,,10492,85.44
base,3231,3.918008,,10694,85.47
base,3232,3.892722,,10574,85.50
base,3233,3.894797,,10873,85.52
base,3234,3.900633,,10720,85.55
base,3235,3.905079,,10688,85.57
base,3236,3.914176,,10887,85.60
base,3237,3.924537,,10658,85.62
base,3238,3.914304,,10647,85.65
base,3239,3.920667,,10424,85.67
base,3240,3.918080,,10841,85.70
base,3241,3.925319,,10397,85.73
base,3242,3.924786,,10394,85.75
base,3243,3.939225,,10521,85.78
base,3244,3.931908,,10591,85.80
base,3245,3.931030,,10722,85.83
base,3246,3.922250,,10794,85.85
base,3247,3.938427,,10913,85.88
base,3248,3.931425,,10548,85.90
base,3249,3.942012,,10694,85.93
base,3250,3.937918,,10669,85.96
base,3251,3.940978,,10542,85.98
base,3252,3.948857,,10271,86.01
base,3253,3.916751,,10777,86.03
base,3254,3.927734,,10518,86.06
base,3255,3.928598,,10343,86.09
base,3256,3.906923,,10590,86.11
base,3257,3.900203,,10914,86.14
base,3258,3.896094,,10925,86.16
base,3259,3.895658,,10210,86.19
base,3260,3.894253,,10565,86.21
base,3261,3.898523,,10488,86.24
base,3262,3.899364,,10449,86.27
base,3263,3.910280,,10675,86.29
base,3264,3.904495,,10416,86.32
base,3265,3.908224,,10634,86.34
base,3266,3.918853,,10721,86.37
base,3267,3.923511,,10686,86.40
base,3268,3.900621,,10826,86.42
base,3269,3.891071,,10552,86.45
base,3270,3.891072,,10490,86.47
base,3271,3.903066,,10406,86.50
base,3272,3.902175,,10566,86.52
base,3273,3.891004,,10589,86.55
base,3274,3.880958,,10512,86.58
base,3275,3.889330,,10238,86.60
base,3276,3.896557,,10447,86.63
base,3277,3.903970,,10598,86.65
base,3278,3.912830,,10445,86.68
base,3279,3.908826,,10773,86.71
base,3280,3.914298,,10958,86.73
base,3281,3.910140,,10463,86.76
base,3282,3.897853,,10542,86.78
base,3283,3.897160,,10789,86.81
base,3284,3.899648,,10589,86.83
base,3285,3.912545,,10538,86.86
base,3286,3.911556,,10999,86.89
base,3287,3.905759,,10505,86.91
base,3288,3.902795,,10494,86.94
base,3289,3.914428,,10735,86.96
base,3290,3.905506,,10707,86.99
base,3291,3.897411,,10555,87.01
base,3292,3.913185,,10576,87.04
base,3293,3.906683,,10593,87.07
base,3294,3.905539,,10441,87.09
base,3295,3.901427,,10475,87.12
base,3296,3.870790,,10846,87.14
base,3297,3.886573,,10511,87.17
base,3298,3.891144,,10423,87.20
base,3299,3.872892,,10442,87.22
base,3300,3.862840,1.211869,9869,87.25
base,3301,3.871123,,10546,87.27
base,3302,3.867512,,10620,87.30
base,3303,3.883005,,10416,87.33
base,3304,3.899413,,10509,87.35
base,3305,3.914514,,10600,87.38
base,3306,3.902962,,10590,87.40
base,3307,3.902316,,10465,87.43
base,3308,3.897545,,10516,87.46
base,3309,3.909155,,10497,87.48
base,3310,3.920960,,10600,87.51
base,3311,3.934299,,10615,87.53
base,3312,3.938016,,10571,87.56
base,3313,3.937208,,10602,87.59
base,3314,3.938660,,10762,87.61
base,3315,3.927682,,10656,87.64
base,3316,3.941351,,10318,87.66
base,3317,3.923726,,10536,87.69
base,3318,3.940261,,10793,87.71
base,3319,3.946349,,10637,87.74
base,3320,3.951637,,10646,87.77
base,3321,3.957615,,10822,87.79
base,3322,3.943182,,10537,87.82
base,3323,3.940151,,10862,87.84
base,3324,3.946505,,10603,87.87
base,3325,3.941071,,10531,87.89
base,3326,3.945822,,10755,87.92
base,3327,3.941858,,10004,87.95
base,3328,3.926003,,10149,87.97
base,3329,3.919192,,9983,88.00
base,3330,3.926757,,10133,88.03
base,3331,3.921941,,10344,88.05
base,3332,3.906436,,10043,88.08
base,3333,3.912941,,9898,88.11
base,3334,3.916114,,10659,88.13
base,3335,3.922823,,10252,88.16
base,3336,3.928185,,10198,88.19
base,3337,3.925622,,10012,88.21
base,3338,3.923513,,10141,88.24
base,3339,3.915943,,10259,88.27
base,3340,3.931244,,10778,88.29
base,3341,3.930365,,10574,88.32
base,3342,3.931684,,10591,88.35
base,3343,3.920932,,10691,88.37
base,3344,3.907778,,10465,88.40
base,3345,3.907150,,10651,88.42
base,3346,3.900113,,10552,88.45
base,3347,3.914406,,10861,88.47
base,3348,3.911728,,10593,88.50
base,3349,3.911194,,10498,88.53
base,3350,3.902430,,10796,88.55
base,3351,3.879075,,10596,88.58
base,3352,3.881705,,10599,88.60
base,3353,3.891454,,10848,88.63
base,3354,3.906876,,10456,88.65
base,3355,3.889000,,10506,88.68
base,3356,3.898715,,10539,88.71
base,3357,3.901471,,10641,88.73
base,3358,3.907560,,10576,88.76
base,3359,3.901481,,10580,88.78
base,3360,3.889956,,10612,88.81
base,3361,3.883660,,10873,88.83
base,3362,3.882375,,10068,88.86
base,3363,3.891746,,10497,88.89
base,3364,3.898972,,10353,88.91
base,3365,3.905076,,10384,88.94
base,3366,3.897234,,10080,88.97
base,3367,3.913054,,10546,88.99
base,3368,3.897935,,10809,89.02
base,3369,3.882456,,10518,89.04
base,3370,3.879182,,10905,89.07
base,3371,3.884690,,10531,89.09
base,3372,3.879820,,10528,89.12
base,3373,3.874126,,10636,89.15
base,3374,3.870361,,10495,89.17
base,3375,3.878780,,10480,89.20
base,3376,3.893581,,10803,89.22
base,3377,3.884440,,10680,89.25
base,3378,3.885372,,10471,89.27
base,3379,3.879681,,10446,89.30
base,3380,3.884821,,10655,89.33
base,3381,3.891278,,10773,89.35
base,3382,3.897615,,10670,89.38
base,3383,3.894254,,10523,89.40
base,3384,3.879416,,10557,89.43
base,3385,3.894993,,10537,89.46
base,3386,3.888328,,10492,89.48
base,3387,3.890712,,10435,89.51
base,3388,3.879636,,10839,89.53
base,3389,3.886007,,10798,89.56
base,3390,3.894800,,10412,89.58
base,3391,3.909939,,10849,89.61
base,3392,3.912199,,10408,89.64
base,3393,3.907018,,10447,89.66
base,3394,3.888886,,10519,89.69
base,3395,3.889188,,10482,89.71
base,3396,3.884770,,10608,89.74
base,3397,3.872393,,10612,89.77
base,3398,3.874722,,10463,89.79
base,3399,3.876065,,10708,89.82
base,3400,3.876046,1.208286,10096,89.84
base,3401,3.885595,,10616,89.87
base,3402,3.892494,,10430,89.90
base,3403,3.891784,,10600,89.92
base,3404,3.899631,,10118,89.95
base,3405,3.900666,,10210,89.98
base,3406,3.898057,,10152,90.00
base,3407,3.894192,,10289,90.03
base,3408,3.911508,,9921,90.06
base,3409,3.930745,,10044,90.08
base,3410,3.930105,,9941,90.11
base,3411,3.916980,,9992,90.14
base,3412,3.916633,,9507,90.17
base,3413,3.926646,,9486,90.20
base,3414,3.928448,,10011,90.22
base,3415,3.914093,,9776,90.25
base,3416,3.914861,,9524,90.28
base,3417,3.925931,,9476,90.31
base,3418,3.927060,,9872,90.34
base,3419,3.927057,,9890,90.36
base,3420,3.934594,,10268,90.39
base,3421,3.938303,,9776,90.42
base,3422,3.925731,,10029,90.45
base,3423,3.918723,,9892,90.47
base,3424,3.918582,,10285,90.50
base,3425,3.902677,,10655,90.53
base,3426,3.912868,,10525,90.55
base,3427,3.910286,,10430,90.58
base,3428,3.892756,,10298,90.60
base,3429,3.907996,,10389,90.63
base,3430,3.913982,,10423,90.66
base,3431,3.906827,,10403,90.68
base,3432,3.916367,,9988,90.71
base,3433,3.913598,,9964,90.74
base,3434,3.916219,,9860,90.77
base,3435,3.905424,,10175,90.79
base,3436,3.903916,,9952,90.82
base,3437,3.907651,,9997,90.85
base,3438,3.908066,,10304,90.87
base,3439,3.894304,,10240,90.90
base,3440,3.894389,,10129,90.93
base,3441,3.901460,,10054,90.95
base,3442,3.887572,,10157,90.98
base,3443,3.894771,,10171,91.01
base,3444,3.887670,,10486,91.03
base,3445,3.871026,,10346,91.06
base,3446,3.880599,,10348,91.09
base,3447,3.879049,,10450,91.11
base,3448,3.891016,,10378,91.14
base,3449,3.896821,,10590,91.16
base,3450,3.887322,,10595,91.19
base,3451,3.867509,,10531,91.22
base,3452,3.881575,,10441,91.24
base,3453,3.867314,,10576,91.27
base,3454,3.883541,,10710,91.29
base,3455,3.881041,,10708,91.32
base,3456,3.859470,,10598,91.35
base,3457,3.858354,,10490,91.37
base,3458,3.876112,,10559,91.40
base,3459,3.870430,,10374,91.42
base,3460,3.873316,,10486,91.45
base,3461,3.877633,,10433,91.48
base,3462,3.875828,,10547,91.50
base,3463,3.881522,,10440,91.53
base,3464,3.887653,,10719,91.55
base,3465,3.893349,,10456,91.58
base,3466,3.886828,,10475,91.61
base,3467,3.899892,,10715,91.63
base,3468,3.906866,,10489,91.66
base,3469,3.905643,,10492,91.68
base,3470,3.900347,,10664,91.71
base,3471,3.883193,,10709,91.73
base,3472,3.882052,,10696,91.76
base,3473,3.887979,,10767,91.78
base,3474,3.911860,,10662,91.81
base,3475,3.925877,,10586,91.84
base,3476,3.904934,,10909,91.86
base,3477,3.898957,,10717,91.89
base,3478,3.903179,,10114,91.91
base,3479,3.908263,,10309,91.94
base,3480,3.910897,,10677,91.97
base,3481,3.904156,,10239,91.99
base,3482,3.888896,,9999,92.02
base,3483,3.901830,,9747,92.05
base,3484,3.910957,,10422,92.07
base,3485,3.898041,,10181,92.10
base,3486,3.896746,,9721,92.13
base,3487,3.896521,,9549,92.16
base,3488,3.881038,,9960,92.18
base,3489,3.878696,,9393,92.21
base,3490,3.886583,,9529,92.24
base,3491,3.902377,,9713,92.27
base,3492,3.903524,,9737,92.30
base,3493,3.901729,,9692,92.33
base,3494,3.887443,,9729,92.36
base,3495,3.907351,,9626,92.38
base,3496,3.896807,,10003,92.41
base,3497,3.901244,,10434,92.44
base,3498,3.903853,,10502,92.46
base,3499,3.895246,,10275,92.49
base,3500,3.875100,1.204212,10404,92.52
base,3501,3.860896,,10316,92.54
base,3502,3.860669,,10489,92.57
base,3503,3.863757,,10160,92.60
base,3504,3.875783,,10440,92.62
base,3505,3.881674,,10574,92.65
base,3506,3.880709,,10294,92.67
base,3507,3.891000,,10815,92.70
base,3508,3.897869,,10528,92.72
base,3509,3.882625,,10551,92.75
base,3510,3.874942,,10248,92.78
base,3511,3.886595,,10461,92.80
base,3512,3.893781,,10589,92.83
base,3513,3.890310,,10458,92.86
base,3514,3.880235,,10522,92.88
base,3515,3.878632,,10302,92.91
base,3516,3.898126,,10307,92.93
base,3517,3.887492,,10510,92.96
base,3518,3.897774,,10064,92.99
base,3519,3.900178,,10282,93.01
base,3520,3.879257,,10422,93.04
base,3521,3.887714,,10472,93.07
base,3522,3.886900,,10526,93.09
base,3523,3.901759,,10415,93.12
base,3524,3.912240,,10349,93.14
base,3525,3.910585,,10650,93.17
base,3526,3.901345,,10312,93.20
base,3527,3.892961,,10418,93.22
base,3528,3.907284,,10525,93.25
base,3529,3.887776,,10664,93.27
base,3530,3.886834,,10241,93.30
base,3531,3.879124,,10455,93.33
base,3532,3.855430,,10405,93.35
base,3533,3.862813,,10337,93.38
base,3534,3.854343,,10347,93.41
base,3535,3.833756,,10443,93.43
base,3536,3.832547,,10537,93.46
base,3537,3.841481,,10315,93.48
base,3538,3.848816,,10285,93.51
base,3539,3.860756,,11092,93.54
base,3540,3.859208,,10705,93.56
base,3541,3.849129,,10312,93.59
base,3542,3.844927,,10345,93.61
base,3543,3.854951,,10403,93.64
base,3544,3.853151,,10442,93.67
base,3545,3.869988,,10448,93.69
base,3546,3.862116,,10132,93.72
base,3547,3.857390,,10555,93.75
base,3548,3.874552,,10527,93.77
base,3549,3.884990,,10527,93.80
base,3550,3.886653,,10300,93.82
base,3551,3.888934,,10484,93.85
base,3552,3.888398,,10710,93.88
base,3553,3.892979,,10457,93.90
base,3554,3.875062,,10537,93.93
base,3555,3.884411,,10726,93.95
base,3556,3.876813,,10845,93.98
base,3557,3.868222,,10411,94.00
base,3558,3.879014,,10395,94.03
base,3559,3.878685,,10277,94.06
base,3560,3.867681,,10280,94.08
base,3561,3.877438,,10250,94.11
base,3562,3.885939,,10338,94.14
base,3563,3.895124,,10357,94.16
base,3564,3.890002,,10511,94.19
base,3565,3.894790,,10557,94.22
base,3566,3.883530,,10400,94.24
base,3567,3.868596,,10646,94.27
base,3568,3.871592,,10410,94.29
base,3569,3.869567,,10562,94.32
base,3570,3.859464,,10348,94.35
base,3571,3.855342,,10608,94.37
base,3572,3.848463,,10410,94.40
base,3573,3.848042,,10199,94.42
base,3574,3.839572,,10475,94.45
base,3575,3.845803,,10369,94.48
base,3576,3.853716,,10425,94.50
base,3577,3.852579,,10422,94.53
base,3578,3.869591,,10572,94.56
base,3579,3.862563,,10418,94.58
base,3580,3.879954,,10338,94.61
base,3581,3.881604,,10398,94.63
base,3582,3.873133,,10355,94.66
base,3583,3.881926,,10547,94.69
base,3584,3.872819,,10673,94.71
base,3585,3.879816,,10943,94.74
base,3586,3.884716,,10345,94.76
base,3587,3.867594,,10339,94.79
base,3588,3.876952,,10591,94.82
base,3589,3.858621,,10341,94.84
base,3590,3.853973,,10586,94.87
base,3591,3.863821,,10481,94.89
base,3592,3.871980,,10588,94.92
base,3593,3.878146,,10342,94.95
base,3594,3.879861,,10621,94.97
base,3595,3.875819,,10370,95.00
base,3596,3.863955,,10465,95.02
base,3597,3.878240,,10402,95.05
base,3598,3.871956,,10120,95.08
base,3599,3.879420,,10340,95.10
base,3600,3.886284,1.200893,10666,95.13
base,3601,3.889234,,10821,95.15
base,3602,3.894696,,10792,95.18
base,3603,3.887454,,10439,95.21
base,3604,3.876900,,10127,95.23
base,3605,3.866428,,10229,95.26
base,3606,3.872658,,10133,95.29
base,3607,3.865623,,10425,95.31
base,3608,3.878454,,10337,95.34
base,3609,3.862989,,10295,95.37
base,3610,3.869390,,10268,95.39
base,3611,3.884946,,10606,95.42
base,3612,3.865149,,10532,95.44
base,3613,3.873027,,10491,95.47
base,3614,3.878972,,10463,95.50
base,3615,3.878457,,10213,95.52
base,3616,3.866668,,10372,95.55
base,3617,3.880566,,10158,95.58
base,3618,3.887887,,10760,95.60
base,3619,3.858802,,10397,95.63
base,3620,3.860792,,10322,95.65
base,3621,3.852073,,10529,95.68
base,3622,3.847503,,10237,95.71
base,3623,3.860827,,10381,95.73
base,3624,3.861090,,10666,95.76
base,3625,3.858937,,10340,95.78
base,3626,3.845219,,10564,95.81
base,3627,3.847999,,10669,95.84
base,3628,3.854143,,10727,95.86
base,3629,3.848780,,10295,95.89
base,3630,3.849408,,10564,95.91
base,3631,3.838895,,10521,95.94
base,3632,3.848870,,10376,95.97
base,3633,3.836088,,10641,95.99
base,3634,3.853498,,10368,96.02
base,3635,3.841811,,10719,96.04
base,3636,3.833178,,10297,96.07
base,3637,3.843464,,10506,96.10
base,3638,3.847615,,10503,96.12
base,3639,3.856018,,10499,96.15
base,3640,3.863345,,10524,96.17
base,3641,3.877962,,10401,96.20
base,3642,3.875002,,10361,96.23
base,3643,3.869200,,10596,96.25
base,3644,3.867477,,10440,96.28
base,3645,3.854931,,10584,96.30
base,3646,3.854911,,10497,96.33
base,3647,3.841207,,10500,96.36
base,3648,3.844677,,10610,96.38
base,3649,3.842424,,10426,96.41
base,3650,3.843016,,10357,96.43
base,3651,3.845145,,10470,96.46
base,3652,3.843452,,10538,96.49
base,3653,3.862422,,10522,96.51
base,3654,3.861673,,10573,96.54
base,3655,3.871933,,10294,96.57
base,3656,3.869036,,10486,96.59
base,3657,3.853563,,10304,96.62
base,3658,3.853116,,10622,96.64
base,3659,3.848365,,10596,96.67
base,3660,3.843347,,10342,96.70
base,3661,3.841988,,10225,96.72
base,3662,3.847652,,10655,96.75
base,3663,3.860848,,10603,96.77
base,3664,3.862237,,10629,96.80
base,3665,3.860393,,10653,96.83
base,3666,3.871272,,10568,96.85
base,3667,3.852850,,10559,96.88
base,3668,3.865180,,10458,96.90
base,3669,3.858101,,10349,96.93
base,3670,3.861000,,10566,96.96
base,3671,3.869251,,10196,96.98
base,3672,3.869955,,10168,97.01
base,3673,3.865053,,10491,97.03
base,3674,3.864359,,10466,97.06
base,3675,3.852554,,10361,97.09
base,3676,3.865266,,10506,97.11
base,3677,3.867071,,10450,97.14
base,3678,3.843970,,10440,97.17
base,3679,3.848271,,10255,97.19
base,3680,3.850857,,10525,97.22
base,3681,3.844312,,10484,97.24
base,3682,3.835592,,10344,97.27
base,3683,3.845183,,10514,97.30
base,3684,3.833844,,10450,97.32
base,3685,3.832443,,10568,97.35
base,3686,3.848170,,10469,97.37
base,3687,3.865654,,10498,97.40
base,3688,3.855630,,10546,97.43
base,3689,3.852919,,10414,97.45
base,3690,3.833252,,10656,97.48
base,3691,3.843279,,10473,97.50
base,3692,3.851121,,10587,97.53
base,3693,3.843021,,10344,97.56
base,3694,3.841663,,10445,97.58
base,3695,3.836713,,10334,97.61
base,3696,3.836549,,10345,97.64
base,3697,3.830188,,10384,97.66
base,3698,3.822241,,10345,97.69
base,3699,3.820335,,10560,97.71
base,3700,3.818552,1.197689,10194,97.74
base,3701,3.817278,,10258,97.77
base,3702,3.823087,,10394,97.79
base,3703,3.830422,,10320,97.82
base,3704,3.830510,,10502,97.85
base,3705,3.813994,,9929,97.87
base,3706,3.801577,,10252,97.90
base,3707,3.812786,,10053,97.93
base,3708,3.818298,,9764,97.96
base,3709,3.809962,,9909,97.98
base,3710,3.812391,,9781,98.01
base,3711,3.798538,,9638,98.04
base,3712,3.813824,,9667,98.07
base,3713,3.808869,,9626,98.10
base,3714,3.814204,,9809,98.12
base,3715,3.836454,,10124,98.15
base,3716,3.839858,,10217,98.18
base,3717,3.827692,,9991,98.20
base,3718,3.824969,,10433,98.23
base,3719,3.823910,,10477,98.26
base,3720,3.837349,,10576,98.28
base,3721,3.850578,,10520,98.31
base,3722,3.845562,,10552,98.33
base,3723,3.857217,,10482,98.36
base,3724,3.862073,,10713,98.39
base,3725,3.862133,,10784,98.41
base,3726,3.869098,,10973,98.44
base,3727,3.874282,,10503,98.46
base,3728,3.876544,,10728,98.49
base,3729,3.873748,,10542,98.51
base,3730,3.862967,,10507,98.54
base,3731,3.864341,,10365,98.57
base,3732,3.880039,,10341,98.59
base,3733,3.883931,,10279,98.62
base,3734,3.864902,,10520,98.64
base,3735,3.875441,,10538,98.67
base,3736,3.861018,,10664,98.70
base,3737,3.865425,,10815,98.72
base,3738,3.860786,,10547,98.75
base,3739,3.843992,,10619,98.77
base,3740,3.856556,,10711,98.80
base,3741,3.860903,,10503,98.82
base,3742,3.863622,,10758,98.85
base,3743,3.840007,,10515,98.88
base,3744,3.837876,,10758,98.90
base,3745,3.842914,,10563,98.93
base,3746,3.831718,,10750,98.95
base,3747,3.831894,,10591,98.98
base,3748,3.830515,,10406,99.00
base,3749,3.825226,,10617,99.03
base,3750,3.831142,,10726,99.06
base,3751,3.840115,,10582,99.08
base,3752,3.841101,,10488,99.11
base,3753,3.836655,,10537,99.13
base,3754,3.846856,,10476,99.16
base,3755,3.842122,,10518,99.19
base,3756,3.863158,,10481,99.21
base,3757,3.849369,,10548,99.24
base,3758,3.845164,,11041,99.26
base,3759,3.847086,,10673,99.29
base,3760,3.857044,,10614,99.31
base,3761,3.863862,,10652,99.34
base,3762,3.842679,,10425,99.37
base,3763,3.836180,,10514,99.39
base,3764,3.832533,,10403,99.42
base,3765,3.829096,,10780,99.44
base,3766,3.826863,,10588,99.47
base,3767,3.845165,,10535,99.49
base,3768,3.825410,,10580,99.52
base,3769,3.819613,,10796,99.55
base,3770,3.813546,,10784,99.57
base,3771,3.822824,,10763,99.60
base,3772,3.825403,,10598,99.62
base,3773,3.838475,,10539,99.65
base,3774,3.826365,,10418,99.67
base,3775,3.812699,,10195,99.70
base,3776,3.820103,,10237,99.73
base,3777,3.799109,,10489,99.75
base,3778,3.804718,,10581,99.78
base,3779,3.811815,,10537,99.81
base,3780,3.805440,,10636,99.83
base,3781,3.803959,,10691,99.86
base,3782,3.813134,,10433,99.88
base,3783,3.804944,,10744,99.91
base,3784,3.805001,,10689,99.93
base,3785,3.812411,,10679,99.96
base,3786,3.825359,,10602,99.99
base,3787,3.830477,,10524,100.01
base,3788,3.830333,,10599,100.04
base,3789,3.826795,,10630,100.06
base,3790,3.827608,,10529,100.09
base,3791,3.828391,,10512,100.11
base,3792,3.817109,,10347,100.14
base,3793,3.824374,,10331,100.17
base,3794,3.824385,,10629,100.19
base,3795,3.826246,,10631,100.22
base,3796,3.818600,,10616,100.24
base,3797,3.829446,,10517,100.27
base,3798,3.822085,,10184,100.30
base,3799,3.826137,,10481,100.32
base,3800,3.828138,1.194168,9595,100.35
base,3801,3.837483,,9964,100.38
base,3802,3.838068,,10498,100.41
base,3803,3.835998,,10534,100.43
base,3804,3.842313,,10536,100.46
base,3805,3.842692,,10685,100.48
base,3806,3.844677,,10604,100.51
base,3807,3.830818,,10362,100.53
base,3808,3.831310,,10542,100.56
base,3809,3.826569,,10495,100.59
base,3810,3.824177,,10542,100.61
base,3811,3.837187,,10471,100.64
base,3812,3.827514,,10607,100.66
base,3813,3.848336,,10691,100.69
base,3814,3.852722,,10600,100.72
base,3815,3.857770,,10464,100.74
base,3816,3.847021,,10723,100.77
base,3817,3.839067,,10559,100.79
base,3818,3.840019,,10845,100.82
base,3819,3.834179,,10579,100.84
base,3820,3.846676,,10569,100.87
base,3821,3.844914,,10741,100.90
base,3822,3.836782,,10405,100.92
base,3823,3.839125,,10551,100.95
base,3824,3.818909,,10618,100.97
base,3825,3.826551,,10879,101.00
base,3826,3.830580,,10572,101.02
base,3827,3.847684,,10735,101.05
base,3828,3.855430,,10722,101.08
base,3829,3.864101,,10433,101.10
base,3830,3.857168,,10461,101.13
base,3831,3.863395,,10519,101.15
base,3832,3.843729,,10713,101.18
base,3833,3.840336,,10487,101.20
base,3834,3.839663,,10434,101.23
base,3835,3.843398,,10680,101.26
base,3836,3.842968,,10542,101.28
base,3837,3.846840,,10771,101.31
base,3838,3.840941,,10516,101.33
base,3839,3.856805,,10730,101.36
base,3840,3.843622,,10707,101.38
base,3841,3.849521,,10528,101.41
base,3842,3.854899,,10559,101.44
base,3843,3.869073,,10701,101.46
base,3844,3.860431,,10604,101.49
base,3845,3.883317,,10413,101.51
base,3846,3.876799,,10758,101.54
base,3847,3.881166,,10670,101.56
base,3848,3.872224,,10432,101.59
base,3849,3.859498,,10799,101.62
base,3850,3.847399,,10600,101.64
base,3851,3.838838,,10824,101.67
base,3852,3.837157,,10479,101.69
base,3853,3.850460,,10486,101.72
base,3854,3.851227,,10788,101.74
base,3855,3.847099,,10547,101.77
base,3856,3.825641,,10543,101.80
base,3857,3.824942,,10393,101.82
base,3858,3.826543,,11078,101.85
base,3859,3.837742,,10429,101.87
base,3860,3.848092,,10513,101.90
base,3861,3.864696,,10636,101.93
base,3862,3.863065,,10412,101.95
base,3863,3.858232,,10530,101.98
base,3864,3.849907,,10664,102.00
base,3865,3.846543,,10716,102.03
base,3866,3.845541,,10569,102.05
base,3867,3.853884,,10605,102.08
base,3868,3.845648,,10549,102.11
base,3869,3.852106,,10522,102.13
base,3870,3.834022,,10537,102.16
base,3871,3.835735,,10389,102.18
base,3872,3.847864,,10622,102.21
base,3873,3.848582,,10638,102.24
base,3874,3.830923,,10536,102.26
base,3875,3.819046,,10625,102.29
base,3876,3.821755,,10697,102.31
base,3877,3.799635,,10758,102.34
base,3878,3.806782,,10560,102.36
base,3879,3.824877,,10544,102.39
base,3880,3.810901,,10461,102.42
base,3881,3.821067,,10736,102.44
base,3882,3.801173,,10425,102.47
base,3883,3.796334,,10905,102.49
base,3884,3.817204,,10448,102.52
base,3885,3.821017,,10590,102.54
base,3886,3.821382,,10700,102.57
base,3887,3.834598,,10818,102.60
base,3888,3.828356,,10573,102.62
base,3889,3.824410,,10548,102.65
base,3890,3.826337,,10925,102.67
base,3891,3.818393,,10664,102.70
base,3892,3.821371,,10865,102.72
base,3893,3.817797,,11075,102.75
base,3894,3.819571,,10362,102.77
base,3895,3.814533,,10791,102.80
base,3896,3.809436,,10294,102.83
base,3897,3.806629,,10475,102.85
base,3898,3.805233,,11483,102.88
base,3899,3.800366,,10857,102.90
base,3900,3.807944,1.191109,10878,102.93
base,3901,3.809852,,11345,102.95
base,3902,3.813993,,11412,102.97
base,3903,3.814223,,11517,103.00
base,3904,3.808359,,11316,103.02
base,3905,3.806388,,11055,103.05
base,3906,3.806302,,11101,103.07
base,3907,3.795179,,11164,103.10
base,3908,3.792097,,10932,103.12
base,3909,3.782208,,11107,103.14
base,3910,3.783236,,11178,103.17
base,3911,3.791591,,10913,103.19
base,3912,3.793208,,10344,103.22
base,3913,3.798138,,10330,103.25
base,3914,3.796443,,10175,103.27
base,3915,3.817695,,10135,103.30
base,3916,3.826401,,10711,103.33
base,3917,3.832005,,10609,103.35
base,3918,3.846721,,10363,103.38
base,3919,3.845718,,9548,103.41
base,3920,3.827227,,10538,103.43
base,3921,3.816221,,10013,103.46
base,3922,3.828569,,10803,103.49
base,3923,3.834186,,10363,103.51
base,3924,3.824879,,11389,103.54
base,3925,3.815060,,9780,103.56
base,3926,3.823125,,10647,103.59
base,3927,3.821492,,11150,103.61
base,3928,3.812314,,10856,103.64
base,3929,3.815571,,11343,103.66
base,3930,3.830473,,10185,103.69
base,3931,3.831588,,10650,103.72
base,3932,3.831091,,10167,103.74
base,3933,3.837697,,9885,103.77
base,3934,3.838225,,11606,103.79
base,3935,3.837645,,10952,103.82
base,3936,3.856064,,10777,103.84
base,3937,3.858165,,10839,103.87
base,3938,3.865428,,10180,103.90
base,3939,3.876603,,11407,103.92
base,3940,3.851552,,10228,103.95
base,3941,3.847283,,10218,103.97
base,3942,3.844875,,10470,104.00
base,3943,3.840026,,10515,104.03
base,3944,3.844576,,10162,104.05
base,3945,3.854845,,10203,104.08
base,3946,3.864901,,10634,104.10
base,3947,3.878375,,10669,104.13
base,3948,3.880680,,10650,104.16
base,3949,3.885185,,9455,104.18
base,3950,3.863978,,10451,104.21
base,3951,3.850742,,11203,104.24
base,3952,3.839563,,10554,104.26
base,3953,3.853653,,11714,104.28
base,3954,3.843962,,10750,104.31
base,3955,3.848602,,10516,104.34
base,3956,3.844601,,10624,104.36
base,3957,3.844433,,10642,104.39
base,3958,3.839287,,10001,104.41
base,3959,3.845632,,10429,104.44
base,3960,3.840502,,10575,104.47
base,3961,3.826885,,10366,104.49
base,3962,3.820884,,10176,104.52
base,3963,3.825053,,10346,104.55
base,3964,3.836906,,10886,104.57
base,3965,3.850438,,10015,104.60
base,3966,3.850410,,10481,104.62
base,3967,3.849126,,10100,104.65
base,3968,3.853702,,9895,104.68
base,3969,3.846550,,10198,104.71
base,3970,3.835103,,10157,104.73
base,3971,3.855936,,10091,104.76
base,3972,3.837061,,9959,104.79
base,3973,3.833716,,10234,104.81
base,3974,3.819700,,9613,104.84
base,3975,3.808457,,9830,104.87
base,3976,3.819538,,9664,104.90
base,3977,3.825982,,10005,104.93
base,3978,3.832132,,10239,104.95
base,3979,3.846394,,10303,104.98
base,3980,3.850516,,10029,105.01
base,3981,3.851886,,9634,105.03
base,3982,3.855093,,10007,105.06
base,3983,3.857652,,10076,105.09
base,3984,3.862837,,10343,105.12
base,3985,3.862476,,10054,105.14
base,3986,3.866223,,10259,105.17
base,3987,3.853090,,10314,105.20
base,3988,3.844208,,9932,105.22
base,3989,3.853519,,10186,105.25
base,3990,3.834039,,10321,105.28
base,3991,3.810558,,10412,105.30
base,3992,3.800984,,10451,105.33
base,3993,3.804130,,10586,105.35
base,3994,3.805769,,10244,105.38
base,3995,3.799736,,10081,105.41
base,3996,3.804275,,9864,105.44
base,3997,3.813431,,10793,105.46
base,3998,3.805018,,10424,105.49
base,3999,3.813768,,9848,105.51
base,4000,3.812665,1.187774,10124,105.54
base,4001,3.803671,,10653,105.57
base,4002,3.802969,,10663,105.59
base,4003,3.806087,,10409,105.62
base,4004,3.816467,,10679,105.64
base,4005,3.825179,,10525,105.67
base,4006,3.812001,,10661,105.70
base,4007,3.825091,,10899,105.72
base,4008,3.840749,,10704,105.75
base,4009,3.831903,,10602,105.77
base,4010,3.823236,,10454,105.80
base,4011,3.814479,,10756,105.82
base,4012,3.814525,,10762,105.85
base,4013,3.819763,,10751,105.88
base,4014,3.831032,,10375,105.90
base,4015,3.844098,,10526,105.93
base,4016,3.824485,,10222,105.95
base,4017,3.826517,,10567,105.98
base,4018,3.815086,,10426,106.01
base,4019,3.821833,,10471,106.03
base,4020,3.828911,,10402,106.06
base,4021,3.818049,,10480,106.08
base,4022,3.823105,,10451,106.11
base,4023,3.835369,,10437,106.14
base,4024,3.841230,,10739,106.16
base,4025,3.833907,,10432,106.19
base,4026,3.833758,,10822,106.21
base,4027,3.834405,,10583,106.24
base,4028,3.836338,,10546,106.27
base,4029,3.843393,,10550,106.29
base,4030,3.837385,,10497,106.32
base,4031,3.837149,,10644,106.34
base,4032,3.826241,,10460,106.37
base,4033,3.820911,,10515,106.39
base,4034,3.813615,,10540,106.42
base,4035,3.822402,,10649,106.45
base,4036,3.813109,,10546,106.47
base,4037,3.817121,,10412,106.50
base,4038,3.823261,,10581,106.52
base,4039,3.813542,,10506,106.55
base,4040,3.806168,,10536,106.58
base,4041,3.821073,,10448,106.60
base,4042,3.819641,,10598,106.63
base,4043,3.824839,,10479,106.65
base,4044,3.822971,,10519,106.68
base,4045,3.812940,,10577,106.71
base,4046,3.803806,,10625,106.73
base,4047,3.808000,,10635,106.76
base,4048,3.826809,,10697,106.78
base,4049,3.822751,,10390,106.81
base,4050,3.834231,,10536,106.84
base,4051,3.837682,,10514,106.86
base,4052,3.836384,,10477,106.89
base,4053,3.835810,,10514,106.91
base,4054,3.833541,,10544,106.94
base,4055,3.849613,,10500,106.96
base,4056,3.844716,,10486,106.99
base,4057,3.849302,,10517,107.02
base,4058,3.846895,,10393,107.04
base,4059,3.840363,,10580,107.07
base,4060,3.830511,,10648,107.09
base,4061,3.837134,,11006,107.12
base,4062,3.826603,,10762,107.14
base,4063,3.821873,,10610,107.17
base,4064,3.823052,,10689,107.20
base,4065,3.805472,,10532,107.22
base,4066,3.804186,,10584,107.25
base,4067,3.807422,,10674,107.27
base,4068,3.791973,,10044,107.30
base,4069,3.804953,,9971,107.33
base,4070,3.806609,,10101,107.36
base,4071,3.803260,,10140,107.38
base,4072,3.803349,,10726,107.41
base,4073,3.813445,,10389,107.43
base,4074,3.815846,,10600,107.46
base,4075,3.811957,,10455,107.49
base,4076,3.814802,,10512,107.51
base,4077,3.812854,,10655,107.54
base,4078,3.797003,,10612,107.56
base,4079,3.800795,,10575,107.59
base,4080,3.783297,,10511,107.61
base,4081,3.799885,,10451,107.64
base,4082,3.801447,,10428,107.67
base,4083,3.797028,,10619,107.69
base,4084,3.805612,,10768,107.72
base,4085,3.807603,,10800,107.74
base,4086,3.800238,,11166,107.77
base,4087,3.805354,,10710,107.79
base,4088,3.818839,,10727,107.82
base,4089,3.824757,,10395,107.85
base,4090,3.825367,,10709,107.87
base,4091,3.824299,,10610,107.90
base,4092,3.822077,,10588,107.92
base,4093,3.823900,,10531,107.95
base,4094,3.828784,,10714,107.97
base,4095,3.824437,,10638,108.00
base,4096,3.820402,,10659,108.02
base,4097,3.811522,,10757,108.05
base,4098,3.822996,,10640,108.08
base,4099,3.803948,,10168,108.10
base,4100,3.814068,1.185122,7550,108.14
base,4101,3.820916,,10907,108.16
base,4102,3.818321,,10387,108.19
base,4103,3.806461,,11087,108.21
base,4104,3.816141,,11345,108.24
base,4105,3.809854,,10833,108.26
base,4106,3.798641,,11362,108.29
base,4107,3.807009,,10972,108.31
base,4108,3.809605,,10233,108.34
base,4109,3.798826,,9795,108.37
base,4110,3.807589,,10525,108.39
base,4111,3.792431,,10555,108.42
base,4112,3.790116,,10423,108.45
base,4113,3.799752,,10722,108.47
base,4114,3.806963,,10581,108.50
base,4115,3.817132,,10446,108.52
base,4116,3.799963,,10672,108.55
base,4117,3.784925,,10510,108.57
base,4118,3.796829,,10600,108.60
base,4119,3.789924,,10492,108.63
base,4120,3.801041,,10644,108.65
base,4121,3.805095,,10603,108.68
base,4122,3.813964,,10518,108.70
base,4123,3.819112,,10584,108.73
base,4124,3.803757,,10530,108.76
base,4125,3.803851,,10626,108.78
base,4126,3.795063,,10820,108.81
base,4127,3.796164,,10383,108.83
base,4128,3.815104,,10374,108.86
base,4129,3.804256,,10502,108.89
base,4130,3.799032,,10810,108.91
base,4131,3.787363,,10811,108.94
base,4132,3.785972,,10491,108.96
base,4133,3.787272,,10483,108.99
base,4134,3.782739,,10615,109.01
base,4135,3.774275,,10846,109.04
base,4136,3.791003,,10497,109.06
base,4137,3.786606,,10566,109.09
base,4138,3.792874,,10469,109.12
base,4139,3.802732,,10679,109.14
base,4140,3.801872,,10430,109.17
base,4141,3.792507,,10619,109.19
base,4142,3.806041,,10635,109.22
base,4143,3.800358,,10534,109.25
base,4144,3.810715,,10638,109.27
base,4145,3.828918,,10702,109.30
base,4146,3.808964,,10545,109.32
base,4147,3.803873,,9814,109.35
base,4148,3.804459,,9704,109.38
base,4149,3.824442,,9495,109.41
base,4150,3.827278,,10491,109.43
base,4151,3.821474,,10162,109.46
base,4152,3.822881,,10314,109.49
base,4153,3.800505,,9904,109.51
base,4154,3.815561,,10536,109.54
base,4155,3.801984,,10460,109.57
base,4156,3.801877,,10309,109.59
base,4157,3.800799,,10099,109.62
base,4158,3.797341,,10487,109.65
base,4159,3.808583,,10496,109.67
base,4160,3.810344,,10635,109.70
base,4161,3.815442,,10455,109.72
base,4162,3.801574,,10652,109.75
base,4163,3.807005,,10299,109.78
base,4164,3.807287,,10423,109.80
base,4165,3.794134,,11021,109.83
base,4166,3.786073,,11163,109.85
base,4167,3.789857,,11173,109.88
base,4168,3.791461,,10392,109.90
base,4169,3.800839,,11000,109.93
base,4170,3.795516,,10388,109.95
base,4171,3.798870,,11076,109.98
base,4172,3.807266,,10884,110.00
base,4173,3.814924,,11030,110.03
base,4174,3.790809,,11313,110.05
base,4175,3.791330,,11046,110.08
base,4176,3.792799,,11076,110.10
base,4177,3.794044,,11083,110.13
base,4178,3.803512,,11321,110.15
base,4179,3.804513,,11054,110.17
base,4180,3.792625,,10914,110.20
base,4181,3.797515,,11259,110.22
base,4182,3.791915,,11503,110.25
base,4183,3.805751,,11500,110.27
base,4184,3.808536,,10793,110.30
base,4185,3.810727,,10782,110.32
base,4186,3.840344,,10860,110.35
base,4187,3.841663,,11462,110.37
base,4188,3.827386,,10910,110.40
base,4189,3.807084,,11253,110.42
base,4190,3.811737,,10380,110.45
base,4191,3.819553,,10494,110.47
base,4192,3.808913,,10832,110.50
base,4193,3.799868,,11005,110.52
base,4194,3.792663,,10448,110.55
base,4195,3.808240,,11344,110.57
base,4196,3.806558,,10413,110.60
base,4197,3.816705,,11313,110.62
base,4198,3.820823,,10520,110.65
base,4199,3.813631,,11001,110.67
base,4200,3.820058,1.182477,10717,110.70
base,4201,3.822144,,11426,110.72
base,4202,3.815502,,11148,110.75
base,4203,3.822371,,11267,110.77
base,4204,3.815983,,11116,110.80
base,4205,3.804891,,11262,110.82
base,4206,3.810518,,10525,110.85
base,4207,3.798209,,9811,110.87
base,4208,3.791950,,10098,110.90
base,4209,3.788110,,10601,110.93
base,4210,3.799223,,10324,110.95
base,4211,3.792618,,10473,110.98
base,4212,3.789493,,10285,111.01
base,4213,3.798179,,10508,111.03
base,4214,3.795379,,10897,111.06
base,4215,3.815915,,10515,111.08
base,4216,3.811901,,10641,111.11
base,4217,3.824380,,10605,111.13
base,4218,3.836040,,10600,111.16
base,4219,3.830153,,10636,111.19
base,4220,3.834708,,10381,111.21
base,4221,3.837693,,10632,111.24
base,4222,3.836803,,10519,111.26
base,4223,3.827076,,10761,111.29
base,4224,3.830727,,10557,111.32
base,4225,3.822067,,10686,111.34
base,4226,3.809119,,10795,111.37
base,4227,3.810992,,10654,111.39
base,4228,3.820762,,10442,111.42
base,4229,3.780804,,10625,111.44
base,4230,3.776017,,10714,111.47
base,4231,3.786355,,10600,111.49
base,4232,3.780932,,10493,111.52
base,4233,3.786867,,10510,111.55
base,4234,3.807777,,10480,111.57
base,4235,3.789410,,10350,111.60
base,4236,3.794197,,10591,111.63
base,4237,3.803392,,10586,111.65
base,4238,3.826723,,10750,111.68
base,4239,3.816404,,10394,111.70
base,4240,3.816168,,10477,111.73
base,4241,3.809931,,10432,111.75
base,4242,3.829848,,10399,111.78
base,4243,3.818052,,10570,111.81
base,4244,3.810514,,10600,111.83
base,4245,3.821387,,10505,111.86
base,4246,3.836639,,10503,111.88
base,4247,3.826634,,10049,111.91
base,4248,3.830065,,10016,111.94
base,4249,3.812596,,10417,111.97
base,4250,3.812713,,10708,111.99
base,4251,3.812513,,10805,112.02
base,4252,3.821328,,10685,112.04
base,4253,3.823475,,10612,112.07
base,4254,3.826028,,10696,112.09
base,4255,3.824702,,10603,112.12
base,4256,3.812018,,10838,112.14
base,4257,3.816709,,10646,112.17
base,4258,3.830315,,10622,112.20
base,4259,3.838430,,10542,112.22
base,4260,3.821162,,10703,112.25
base,4261,3.814188,,10675,112.27
base,4262,3.828225,,10650,112.30
base,4263,3.824066,,10597,112.32
base,4264,3.821119,,10471,112.35
base,4265,3.821681,,10336,112.38
base,4266,3.800015,,10509,112.40
base,4267,3.798798,,10733,112.43
base,4268,3.799950,,10623,112.45
base,4269,3.784801,,10503,112.48
base,4270,3.804720,,10429,112.51
base,4271,3.795218,,10603,112.53
base,4272,3.786523,,10549,112.56
base,4273,3.783690,,10593,112.58
base,4274,3.770930,,10422,112.61
base,4275,3.758853,,10663,112.63
base,4276,3.770265,,10382,112.66
base,4277,3.784029,,10540,112.69
base,4278,3.773554,,10532,112.71
base,4279,3.777012,,10414,112.74
base,4280,3.778262,,10496,112.77
base,4281,3.773585,,10514,112.79
base,4282,3.782802,,10623,112.82
base,4283,3.770724,,10788,112.84
base,4284,3.766062,,10610,112.87
base,4285,3.774356,,10566,112.89
base,4286,3.775662,,10554,112.92
base,4287,3.774860,,10541,112.95
base,4288,3.784024,,10987,112.97
base,4289,3.797045,,10391,113.00
base,4290,3.769049,,10565,113.02
base,4291,3.787059,,10819,113.05
base,4292,3.773944,,10517,113.07
base,4293,3.771667,,10744,113.10
base,4294,3.766368,,10544,113.12
base,4295,3.764358,,10458,113.15
base,4296,3.760875,,10683,113.18
base,4297,3.768983,,10745,113.20
base,4298,3.754363,,10494,113.23
base,4299,3.763929,,10502,113.25
base,4300,3.766881,1.179723,10718,113.28
base,4301,3.768366,,10797,113.30
base,4302,3.763002,,10658,113.33
base,4303,3.756183,,10609,113.36
base,4304,3.772438,,10653,113.38
base,4305,3.776039,,10459,113.41
base,4306,3.780666,,10600,113.43
base,4307,3.777848,,10446,113.46
base,4308,3.789819,,11212,113.48
base,4309,3.779253,,10491,113.51
base,4310,3.791084,,10711,113.54
base,4311,3.805854,,10674,113.56
base,4312,3.787024,,10146,113.59
base,4313,3.786134,,10143,113.62
base,4314,3.785033,,10220,113.64
base,4315,3.776967,,11114,113.67
base,4316,3.778820,,10447,113.69
base,4317,3.785614,,10441,113.72
base,4318,3.796374,,10209,113.75
base,4319,3.790271,,10847,113.77
base,4320,3.785475,,11128,113.80
base,4321,3.787976,,11103,113.82
base,4322,3.800758,,10965,113.84
base,4323,3.793094,,9678,113.87
base,4324,3.801263,,10039,113.90
base,4325,3.792619,,10210,113.93
base,4326,3.801225,,11124,113.95
base,4327,3.795085,,9916,113.98
base,4328,3.800572,,10418,114.01
base,4329,3.788572,,10894,114.03
base,4330,3.773988,,9763,114.06
base,4331,3.763532,,9427,114.09
base,4332,3.763943,,9682,114.12
base,4333,3.761137,,9578,114.14
base,4334,3.766983,,9904,114.17
base,4335,3.771562,,10289,114.20
base,4336,3.769494,,9900,114.23
base,4337,3.777055,,10406,114.25
base,4338,3.774829,,10681,114.28
base,4339,3.773632,,10531,114.30
base,4340,3.771573,,10708,114.33
base,4341,3.748552,,10471,114.35
base,4342,3.756196,,10794,114.38
base,4343,3.777378,,10654,114.41
base,4344,3.779811,,10903,114.43
base,4345,3.774536,,10716,114.46
base,4346,3.788232,,10789,114.48
base,4347,3.782753,,10835,114.51
base,4348,3.790407,,10615,114.53
base,4349,3.796736,,10603,114.56
base,4350,3.816668,,10598,114.58
base,4351,3.823477,,10653,114.61
base,4352,3.828237,,10601,114.64
base,4353,3.821066,,10693,114.66
base,4354,3.824571,,10449,114.69
base,4355,3.815278,,10587,114.71
base,4356,3.813679,,10516,114.74
base,4357,3.818902,,10623,114.76
base,4358,3.806978,,10457,114.79
base,4359,3.810104,,10542,114.82
base,4360,3.812025,,10635,114.84
base,4361,3.816501,,10324,114.87
base,4362,3.836565,,10499,114.89
base,4363,3.846390,,10543,114.92
base,4364,3.834435,,10466,114.95
base,4365,3.813345,,10231,114.97
base,4366,3.823375,,10461,115.00
base,4367,3.813465,,10365,115.03
base,4368,3.811557,,10610,115.05
base,4369,3.816641,,10693,115.08
base,4370,3.822239,,10586,115.10
base,4371,3.818399,,10645,115.13
base,4372,3.836894,,10703,115.15
base,4373,3.816757,,10421,115.18
base,4374,3.816468,,10672,115.21
base,4375,3.818369,,10611,115.23
base,4376,3.810214,,10818,115.26
base,4377,3.795476,,10841,115.28
base,4378,3.798895,,10571,115.31
base,4379,3.798477,,11579,115.33
base,4380,3.789144,,11138,115.36
base,4381,3.784331,,10958,115.38
base,4382,3.784381,,11103,115.41
base,4383,3.778743,,11452,115.43
base,4384,3.779760,,11490,115.45
base,4385,3.758397,,11273,115.48
base,4386,3.764314,,10017,115.50
base,4387,3.783277,,10156,115.53
base,4388,3.778232,,10623,115.56
base,4389,3.776873,,10599,115.58
base,4390,3.782897,,10662,115.61
base,4391,3.779055,,10002,115.64
base,4392,3.762098,,10223,115.66
base,4393,3.778593,,10054,115.69
base,4394,3.780209,,10207,115.72
base,4395,3.782813,,10471,115.74
base,4396,3.773476,,10562,115.77
base,4397,3.784555,,10759,115.79
base,4398,3.796286,,10470,115.82
base,4399,3.791538,,10380,115.85
base,4400,3.793079,1.176897,10008,115.87
base,4401,3.791754,,10660,115.90
base,4402,3.782394,,10446,115.93
base,4403,3.763752,,10674,115.95
base,4404,3.772860,,10561,115.98
base,4405,3.764264,,10923,116.00
base,4406,3.770144,,10763,116.03
base,4407,3.780262,,10555,116.05
base,4408,3.795374,,10611,116.08
base,4409,3.797145,,10439,116.10
base,4410,3.805321,,10438,116.13
base,4411,3.796201,,9885,116.16
base,4412,3.793161,,9973,116.19
base,4413,3.794100,,10571,116.21
base,4414,3.799306,,10442,116.24
base,4415,3.788691,,10612,116.26
base,4416,3.784935,,10568,116.29
base,4417,3.794518,,10633,116.32
base,4418,3.794450,,10530,116.34
base,4419,3.805738,,10552,116.37
base,4420,3.798268,,10503,116.39
base,4421,3.789372,,10557,116.42
base,4422,3.801347,,10588,116.44
base,4423,3.792705,,10414,116.47
base,4424,3.795978,,10440,116.50
base,4425,3.802364,,10572,116.52
base,4426,3.805952,,10581,116.55
base,4427,3.815466,,10684,116.57
base,4428,3.802818,,10430,116.60
base,4429,3.800630,,10491,116.63
base,4430,3.792831,,10025,116.65
base,4431,3.804510,,10231,116.68
base,4432,3.811157,,10272,116.71
base,4433,3.812454,,10365,116.73
base,4434,3.818096,,10657,116.76
base,4435,3.806591,,10585,116.78
base,4436,3.811479,,10506,116.81
base,4437,3.801892,,10615,116.84
base,4438,3.810062,,11142,116.86
base,4439,3.820329,,10694,116.89
base,4440,3.813065,,11160,116.91
base,4441,3.804632,,10604,116.94
base,4442,3.805791,,10457,116.96
base,4443,3.804141,,10230,116.99
base,4444,3.806840,,10634,117.01
base,4445,3.800086,,9964,117.04
base,4446,3.817144,,10482,117.07
base,4447,3.817890,,10519,117.09
base,4448,3.813515,,10490,117.12
base,4449,3.818038,,10486,117.15
base,4450,3.830316,,10567,117.17
base,4451,3.816619,,10958,117.20
base,4452,3.799684,,10014,117.22
base,4453,3.805215,,10504,117.25
base,4454,3.791134,,10077,117.28
base,4455,3.777807,,10122,117.30
base,4456,3.774711,,10011,117.33
base,4457,3.758676,,10357,117.36
base,4458,3.748840,,9996,117.39
base,4459,3.733167,,10428,117.41
base,4460,3.737583,,10431,117.44
base,4461,3.731894,,10362,117.46
base,4462,3.737833,,10321,117.49
base,4463,3.741246,,10579,117.52
base,4464,3.733097,,10530,117.54
base,4465,3.733707,,10178,117.57
base,4466,3.725004,,10213,117.60
base,4467,3.732798,,10564,117.62
base,4468,3.758001,,10476,117.65
base,4469,3.772752,,10629,117.67
base,4470,3.778387,,10609,117.70
base,4471,3.790867,,10312,117.73
base,4472,3.779620,,10843,117.75
base,4473,3.771543,,10538,117.78
base,4474,3.780384,,10115,117.80
base,4475,3.789947,,10536,117.83
base,4476,3.771293,,10397,117.86
base,4477,3.775951,,10445,117.88
base,4478,3.770256,,10577,117.91
base,4479,3.773467,,10603,117.93
base,4480,3.788613,,10522,117.96
base,4481,3.783880,,10619,117.99
base,4482,3.789952,,10587,118.01
base,4483,3.796021,,10610,118.04
base,4484,3.796840,,10467,118.06
base,4485,3.805707,,10638,118.09
base,4486,3.796021,,10648,118.11
base,4487,3.788019,,10380,118.14
base,4488,3.795174,,10705,118.17
base,4489,3.797446,,10560,118.19
base,4490,3.789337,,10427,118.22
base,4491,3.795088,,10518,118.24
base,4492,3.786210,,10825,118.27
base,4493,3.792389,,10664,118.29
base,4494,3.790812,,10517,118.32
base,4495,3.782467,,10653,118.35
base,4496,3.775769,,10714,118.37
base,4497,3.792787,,10490,118.40
base,4498,3.790247,,10529,118.42
base,4499,3.798534,,10574,118.45
base,4500,3.779664,1.174323,9873,118.48
base,4501,3.774418,,10678,118.50
base,4502,3.780792,,10456,118.53
base,4503,3.790501,,10358,118.56
base,4504,3.787689,,10615,118.58
base,4505,3.785434,,10476,118.61
base,4506,3.786740,,10518,118.63
base,4507,3.788829,,10473,118.66
base,4508,3.800623,,10494,118.69
base,4509,3.802400,,10333,118.71
base,4510,3.804794,,10631,118.74
base,4511,3.809234,,10427,118.76
base,4512,3.802619,,10644,118.79
base,4513,3.800148,,10481,118.82
base,4514,3.809927,,10446,118.84
base,4515,3.814484,,10685,118.87
base,4516,3.808230,,10484,118.89
base,4517,3.808175,,10569,118.92
base,4518,3.814335,,10449,118.95
base,4519,3.801175,,10489,118.97
base,4520,3.802552,,10732,119.00
base,4521,3.810472,,10511,119.02
base,4522,3.797620,,10344,119.05
base,4523,3.790719,,10580,119.07
base,4524,3.792008,,10706,119.10
base,4525,3.776972,,10793,119.13
base,4526,3.778544,,10702,119.15
base,4527,3.796043,,10512,119.18
base,4528,3.799990,,10446,119.20
base,4529,3.817470,,10520,119.23
base,4530,3.826286,,10729,119.25
base,4531,3.813792,,10604,119.28
base,4532,3.806418,,10458,119.31
base,4533,3.813779,,10708,119.33
base,4534,3.816476,,10392,119.36
base,4535,3.806919,,10426,119.38
base,4536,3.813063,,10479,119.41
base,4537,3.812294,,10702,119.44
base,4538,3.802112,,10745,119.46
base,4539,3.809227,,10567,119.49
base,4540,3.804744,,10428,119.51
base,4541,3.804490,,10586,119.54
base,4542,3.807958,,10490,119.57
base,4543,3.807557,,10567,119.59
base,4544,3.789604,,10766,119.62
base,4545,3.782828,,10598,119.64
base,4546,3.767421,,10517,119.67
base,4547,3.778121,,10481,119.69
base,4548,3.776809,,10400,119.72
base,4549,3.769941,,10530,119.75
base,4550,3.780168,,10472,119.77
base,4551,3.774933,,10611,119.80
base,4552,3.771118,,10459,119.82
base,4553,3.778844,,10492,119.85
base,4554,3.779972,,10462,119.88
base,4555,3.774559,,10596,119.90
base,4556,3.797826,,10603,119.93
base,4557,3.788834,,10544,119.95
base,4558,3.779920,,10512,119.98
base,4559,3.767077,,10412,120.01
base,4560,3.764902,,10584,120.03
base,4561,3.766341,,10215,120.06
base,4562,3.758824,,10553,120.08
base,4563,3.751827,,10578,120.11
base,4564,3.756330,,10654,120.14
base,4565,3.767542,,10445,120.16
base,4566,3.777042,,10394,120.19
base,4567,3.781852,,10497,120.21
base,4568,3.773775,,10587,120.24
base,4569,3.764840,,10572,120.27
base,4570,3.751013,,10432,120.29
base,4571,3.759558,,10703,120.32
base,4572,3.751414,,10695,120.34
base,4573,3.777991,,10651,120.37
base,4574,3.773493,,10649,120.39
base,4575,3.791657,,10736,120.42
base,4576,3.802034,,10432,120.45
base,4577,3.807924,,10474,120.47
base,4578,3.809042,,10293,120.50
base,4579,3.814275,,10544,120.52
base,4580,3.825016,,10539,120.55
base,4581,3.820390,,10607,120.58
base,4582,3.823527,,10489,120.60
base,4583,3.834169,,10349,120.63
base,4584,3.820211,,10567,120.65
base,4585,3.817282,,10435,120.68
base,4586,3.809246,,10514,120.71
base,4587,3.817030,,10509,120.73
base,4588,3.823982,,10509,120.76
base,4589,3.828890,,10568,120.78
base,4590,3.817381,,10476,120.81
base,4591,3.815240,,10775,120.84
base,4592,3.819901,,10650,120.86
base,4593,3.820031,,10476,120.89
base,4594,3.802892,,10558,120.91
base,4595,3.799358,,10546,120.94
base,4596,3.795494,,10511,120.97
base,4597,3.798116,,10641,120.99
base,4598,3.794455,,10811,121.02
base,4599,3.787548,,10495,121.04
base,4600,3.810302,1.172274,10229,121.07
base,4601,3.815012,,10496,121.09
base,4602,3.822878,,10796,121.12
base,4603,3.812904,,10602,121.15
base,4604,3.817746,,10558,121.17
base,4605,3.800957,,10524,121.20
base,4606,3.805062,,10607,121.22
base,4607,3.806583,,10492,121.25
base,4608,3.806033,,10508,121.28
base,4609,3.796273,,10460,121.30
base,4610,3.793841,,10404,121.33
base,4611,3.801344,,10600,121.35
base,4612,3.795095,,10396,121.38
base,4613,3.796194,,10535,121.41
base,4614,3.790819,,10658,121.43
base,4615,3.793405,,10382,121.46
base,4616,3.797759,,10602,121.48
base,4617,3.791174,,10488,121.51
base,4618,3.795531,,10643,121.54
base,4619,3.793676,,10447,121.56
base,4620,3.787648,,10542,121.59
base,4621,3.779341,,10424,121.61
base,4622,3.794823,,10691,121.64
base,4623,3.801929,,10721,121.66
base,4624,3.786519,,10806,121.69
base,4625,3.798506,,10614,121.72
base,4626,3.806213,,10671,121.74
base,4627,3.791130,,10568,121.77
base,4628,3.799412,,10373,121.79
base,4629,3.809471,,10097,121.82
base,4630,3.815737,,10737,121.85
base,4631,3.803505,,10137,121.87
base,4632,3.790522,,10039,121.90
base,4633,3.800789,,10054,121.93
base,4634,3.781043,,10462,121.95
base,4635,3.788211,,10095,121.98
base,4636,3.799940,,10207,122.01
base,4637,3.782884,,9745,122.03
base,4638,3.793224,,10211,122.06
base,4639,3.784764,,10261,122.09
base,4640,3.784444,,10326,122.11
base,4641,3.794893,,10239,122.14
base,4642,3.772631,,10171,122.17
base,4643,3.784438,,10666,122.19
base,4644,3.785943,,10619,122.22
base,4645,3.796212,,10629,122.25
base,4646,3.811013,,10421,122.27
base,4647,3.802892,,10213,122.30
base,4648,3.801420,,10069,122.33
base,4649,3.817208,,10434,122.35
base,4650,3.814858,,10776,122.38
base,4651,3.800834,,10487,122.40
base,4652,3.788664,,10484,122.43
base,4653,3.794633,,10419,122.46
base,4654,3.792070,,11236,122.48
base,4655,3.777973,,9199,122.51
base,4656,3.787095,,10755,122.53
base,4657,3.798943,,11061,122.56
base,4658,3.782995,,10828,122.58
base,4659,3.781584,,11082,122.61
base,4660,3.789766,,10611,122.63
base,4661,3.785001,,9956,122.66
base,4662,3.794780,,9996,122.69
base,4663,3.782028,,10975,122.71
base,4664,3.774236,,11147,122.74
base,4665,3.775141,,10626,122.76
base,4666,3.759848,,9779,122.79
base,4667,3.761173,,10395,122.82
base,4668,3.762310,,9908,122.85
base,4669,3.772048,,9656,122.87
base,4670,3.786647,,10625,122.90
base,4671,3.794810,,10588,122.93
base,4672,3.807459,,10793,122.95
base,4673,3.800882,,10430,122.98
base,4674,3.795037,,10952,123.00
base,4675,3.789292,,10362,123.03
base,4676,3.792086,,11018,123.05
base,4677,3.810027,,10826,123.08
base,4678,3.789311,,10740,123.10
base,4679,3.791557,,9480,123.13
base,4680,3.789536,,9304,123.16
base,4681,3.773978,,10491,123.19
base,4682,3.770316,,11054,123.21
base,4683,3.761934,,10070,123.24
base,4684,3.766190,,10863,123.27
base,4685,3.761085,,10313,123.29
base,4686,3.765000,,10540,123.32
base,4687,3.753884,,11192,123.34
base,4688,3.771336,,10960,123.37
base,4689,3.771977,,11162,123.39
base,4690,3.774588,,10706,123.42
base,4691,3.786150,,10387,123.44
base,4692,3.787859,,10513,123.47
base,4693,3.784397,,11217,123.49
base,4694,3.777778,,11074,123.52
base,4695,3.768278,,11468,123.54
base,4696,3.768663,,10482,123.57
base,4697,3.784888,,10987,123.59
base,4698,3.779859,,10955,123.62
base,4699,3.777817,,10837,123.64
base,4700,3.785789,1.170340,10551,123.67
base,4701,3.795769,,10669,123.69
base,4702,3.801085,,10986,123.72
base,4703,3.811888,,11180,123.74
base,4704,3.793359,,11138,123.77
base,4705,3.801859,,10806,123.79
base,4706,3.786259,,11338,123.82
base,4707,3.776078,,10630,123.84
base,4708,3.767489,,11225,123.87
base,4709,3.774156,,10582,123.89
base,4710,3.777535,,10931,123.92
base,4711,3.760966,,11195,123.94
base,4712,3.764296,,11218,123.97
base,4713,3.755710,,10918,123.99
base,4714,3.758269,,11316,124.02
base,4715,3.755714,,10820,124.04
base,4716,3.746322,,11423,124.07
base,4717,3.762221,,10939,124.09
base,4718,3.770727,,11177,124.11
base,4719,3.783808,,11148,124.14
base,4720,3.782869,,11455,124.16
base,4721,3.788152,,11379,124.19
base,4722,3.788168,,10882,124.21
base,4723,3.777081,,11231,124.24
base,4724,3.771212,,11314,124.26
base,4725,3.771533,,10916,124.29
base,4726,3.796303,,10930,124.31
base,4727,3.792619,,10522,124.34
base,4728,3.759946,,10675,124.36
base,4729,3.748891,,10609,124.39
base,4730,3.760082,,10483,124.41
base,4731,3.760599,,10481,124.44
base,4732,3.766844,,10533,124.47
base,4733,3.770040,,10009,124.49
base,4734,3.787729,,9960,124.52
base,4735,3.765524,,10099,124.55
base,4736,3.765874,,9983,124.58
base,4737,3.758978,,10008,124.60
base,4738,3.757174,,9742,124.63
base,4739,3.772147,,10193,124.66
base,4740,3.766210,,10368,124.68
base,4741,3.758454,,10198,124.71
base,4742,3.755105,,10627,124.74
base,4743,3.755962,,10517,124.76
base,4744,3.769410,,10141,124.79
base,4745,3.765502,,10430,124.82
base,4746,3.777254,,10388,124.84
base,4747,3.773610,,10466,124.87
base,4748,3.767202,,9905,124.90
base,4749,3.760263,,11325,124.92
base,4750,3.776258,,10296,124.95
base,4751,3.778094,,10447,124.97
base,4752,3.762150,,10748,125.00
base,4753,3.763717,,11248,125.02
base,4754,3.776926,,11028,125.05
base,4755,3.769906,,10357,125.07
base,4756,3.788414,,11041,125.10
base,4757,3.776837,,11333,125.12
base,4758,3.785980,,11223,125.15
base,4759,3.789069,,11270,125.17
base,4760,3.793815,,10671,125.20
base,4761,3.796706,,10957,125.22
base,4762,3.779962,,11369,125.24
base,4763,3.761414,,10729,125.27
base,4764,3.765911,,10925,125.29
base,4765,3.754806,,10605,125.32
base,4766,3.769284,,10734,125.35
base,4767,3.777716,,10426,125.37
base,4768,3.765961,,10099,125.40
base,4769,3.761033,,10460,125.43
base,4770,3.773858,,10700,125.45
base,4771,3.779159,,9403,125.48
base,4772,3.778253,,10079,125.51
base,4773,3.789025,,10523,125.53
base,4774,3.797128,,9400,125.56
base,4775,3.808036,,10025,125.59
base,4776,3.811988,,9127,125.62
base,4777,3.805438,,10372,125.65
base,4778,3.795852,,10840,125.67
base,4779,3.769377,,10248,125.70
base,4780,3.773730,,10332,125.72
base,4781,3.782764,,10214,125.75
base,4782,3.787535,,10295,125.78
base,4783,3.788675,,10653,125.80
base,4784,3.784802,,10707,125.83
base,4785,3.776420,,10563,125.85
base,4786,3.777196,,10865,125.88
base,4787,3.786237,,10872,125.90
base,4788,3.765180,,10267,125.93
base,4789,3.775842,,10375,125.96
base,4790,3.774619,,10501,125.98
base,4791,3.782380,,10257,126.01
base,4792,3.776343,,10148,126.04
base,4793,3.782865,,10196,126.06
base,4794,3.789933,,10797,126.09
base,4795,3.780719,,10609,126.11
base,4796,3.783527,,10546,126.14
base,4797,3.780716,,10515,126.17
base,4798,3.782900,,10633,126.19
base,4799,3.783608,,10805,126.22
base,4800,3.793469,1.168470,10024,126.24
base,4801,3.802238,,10677,126.27
base,4802,3.791575,,10453,126.30
base,4803,3.787696,,10799,126.32
base,4804,3.782454,,10479,126.35
base,4805,3.767879,,10509,126.37
base,4806,3.753160,,10401,126.40
base,4807,3.762366,,10513,126.43
base,4808,3.768111,,10326,126.45
base,4809,3.779721,,11195,126.48
base,4810,3.788062,,11004,126.50
base,4811,3.775012,,11076,126.53
base,4812,3.772484,,10733,126.55
base,4813,3.763962,,11152,126.58
base,4814,3.754384,,11085,126.60
base,4815,3.762494,,11100,126.63
base,4816,3.768331,,10970,126.65
base,4817,3.754226,,11080,126.67
base,4818,3.756433,,10881,126.70
base,4819,3.741205,,11118,126.72
base,4820,3.741391,,11000,126.75
base,4821,3.736642,,11655,126.77
base,4822,3.743830,,11555,126.80
base,4823,3.753644,,10714,126.82
base,4824,3.745678,,11068,126.85
base,4825,3.761120,,10807,126.87
base,4826,3.756953,,11012,126.90
base,4827,3.763193,,10770,126.92
base,4828,3.764380,,10896,126.95
base,4829,3.755340,,10582,126.97
base,4830,3.737104,,10828,127.00
base,4831,3.745601,,10175,127.02
base,4832,3.729634,,10336,127.05
base,4833,3.719928,,10313,127.08
base,4834,3.712213,,11243,127.10
base,4835,3.727772,,10676,127.13
base,4836,3.721008,,10405,127.15
base,4837,3.725218,,10508,127.18
base,4838,3.713660,,11006,127.20
base,4839,3.726224,,10978,127.23
base,4840,3.726591,,10599,127.26
base,4841,3.724851,,10152,127.28
base,4842,3.719262,,10794,127.31
base,4843,3.709701,,10437,127.33
base,4844,3.714535,,10630,127.36
base,4845,3.722792,,10503,127.39
base,4846,3.730816,,10340,127.41
base,4847,3.737139,,9979,127.44
base,4848,3.745132,,9928,127.47
base,4849,3.733890,,9621,127.50
base,4850,3.724835,,9810,127.52
base,4851,3.719976,,9535,127.55
base,4852,3.721442,,9938,127.58
base,4853,3.734308,,9884,127.61
base,4854,3.740105,,10092,127.63
base,4855,3.737250,,10330,127.66
base,4856,3.731555,,10345,127.69
base,4857,3.722779,,10822,127.71
base,4858,3.737262,,9912,127.74
base,4859,3.732018,,9724,127.77
base,4860,3.747903,,9857,127.80
base,4861,3.736030,,9872,127.82
base,4862,3.750577,,9732,127.85
base,4863,3.757681,,9899,127.88
base,4864,3.760246,,9953,127.91
base,4865,3.770483,,9897,127.93
base,4866,3.762315,,9767,127.96
base,4867,3.773392,,9751,127.99
base,4868,3.773775,,9765,128.02
base,4869,3.764779,,10058,128.04
base,4870,3.762745,,9981,128.07
base,4871,3.756675,,10025,128.10
base,4872,3.765051,,9993,128.13
base,4873,3.768684,,9850,128.15
base,4874,3.763398,,9823,128.18
base,4875,3.757030,,10081,128.21
base,4876,3.771752,,10076,128.24
base,4877,3.771572,,9960,128.26
base,4878,3.774807,,9877,128.29
base,4879,3.783894,,10014,128.32
base,4880,3.764071,,9766,128.35
base,4881,3.776415,,9870,128.37
base,4882,3.779111,,10083,128.40
base,4883,3.775753,,9807,128.43
base,4884,3.780112,,10175,128.46
base,4885,3.784159,,9992,128.48
base,4886,3.782932,,9115,128.51
base,4887,3.768234,,10361,128.54
base,4888,3.767691,,10238,128.57
base,4889,3.770290,,10445,128.59
base,4890,3.776416,,9793,128.62
base,4891,3.782478,,10309,128.65
base,4892,3.774198,,9877,128.67
base,4893,3.775861,,10410,128.70
base,4894,3.776109,,9571,128.73
base,4895,3.783492,,9908,128.76
base,4896,3.778531,,8919,128.79
base,4897,3.781213,,10499,128.81
base,4898,3.764825,,10674,128.84
base,4899,3.760433,,9341,128.87
base,4900,3.772723,1.167120,6554,128.91
base,4901,3.773870,,10371,128.94
base,4902,3.765679,,10402,128.96
base,4903,3.770858,,10113,128.99
base,4904,3.754838,,10179,129.02
base,4905,3.764533,,8860,129.05
base,4906,3.764154,,9791,129.07
base,4907,3.763734,,9825,129.10
base,4908,3.767862,,10442,129.13
base,4909,3.761272,,10348,129.16
base,4910,3.755150,,10474,129.18
base,4911,3.756232,,10062,129.21
base,4912,3.755031,,9900,129.24
base,4913,3.761974,,10193,129.26
base,4914,3.765524,,10332,129.29
base,4915,3.765619,,10318,129.32
base,4916,3.765193,,10105,129.34
base,4917,3.765202,,10411,129.37
base,4918,3.749106,,10279,129.40
base,4919,3.761764,,10500,129.42
base,4920,3.770559,,9806,129.45
base,4921,3.761019,,9175,129.48
base,4922,3.752117,,8514,129.51
base,4923,3.743576,,10710,129.54
base,4924,3.746361,,10081,129.56
base,4925,3.741600,,10326,129.59
base,4926,3.750475,,10027,129.62
base,4927,3.727202,,10296,129.64
base,4928,3.728790,,10459,129.67
base,4929,3.748988,,10331,129.70
base,4930,3.743237,,10423,129.72
base,4931,3.738012,,10239,129.75
base,4932,3.740972,,10282,129.78
base,4933,3.752548,,10086,129.80
base,4934,3.753011,,9417,129.83
base,4935,3.735949,,9054,129.86
base,4936,3.733689,,9897,129.89
base,4937,3.737236,,9674,129.92
base,4938,3.721923,,9504,129.95
base,4939,3.724606,,9494,129.98
base,4940,3.737340,,9775,130.00
base,4941,3.728170,,9632,130.03
base,4942,3.724711,,9889,130.06
base,4943,3.745375,,9677,130.09
base,4944,3.728512,,9705,130.12
base,4945,3.743629,,9754,130.14
base,4946,3.745840,,9933,130.17
base,4947,3.747163,,9940,130.20
base,4948,3.740559,,9862,130.23
base,4949,3.740370,,10052,130.25
base,4950,3.734345,,9632,130.28
base,4951,3.745479,,9833,130.31
base,4952,3.736407,,9930,130.34
base,4953,3.743969,,11083,130.36
base,4954,3.752969,,10506,130.39
base,4955,3.734971,,11117,130.41
base,4956,3.741801,,11159,130.44
base,4957,3.746506,,10527,130.46
base,4958,3.748536,,10721,130.49
base,4959,3.755783,,10291,130.51
base,4960,3.765304,,10536,130.54
base,4961,3.772858,,10515,130.57
base,4962,3.746264,,10174,130.59
base,4963,3.739525,,10216,130.62
base,4964,3.742742,,9911,130.65
base,4965,3.733752,,10362,130.67
base,4966,3.715918,,10398,130.70
base,4967,3.718592,,11080,130.72
base,4968,3.716334,,10321,130.75
base,4969,3.732480,,9381,130.78
base,4970,3.728067,,9994,130.81
base,4971,3.724363,,11013,130.83
base,4972,3.722713,,10694,130.86
base,4973,3.716354,,9204,130.89
base,4974,3.714774,,10038,130.91
base,4975,3.735691,,10090,130.94
base,4976,3.737060,,8640,130.97
base,4977,3.744247,,8980,131.00
base,4978,3.740520,,10760,131.03
base,4979,3.743188,,11368,131.05
base,4980,3.735855,,10907,131.08
base,4981,3.742889,,10616,131.10
base,4982,3.750700,,11064,131.13
base,4983,3.739219,,10694,131.15
base,4984,3.748037,,11104,131.18
base,4985,3.750059,,10703,131.20
base,4986,3.750349,,10910,131.23
base,4987,3.754770,,10691,131.26
base,4988,3.748440,,11057,131.28
base,4989,3.756800,,11342,131.30
base,4990,3.753862,,10896,131.33
base,4991,3.752691,,10723,131.35
base,4992,3.754924,,10772,131.38
base,4993,3.756582,,10833,131.40
base,4994,3.748885,,11173,131.43
base,4995,3.753573,,11219,131.45
base,4996,3.749403,,10944,131.48
base,4997,3.737026,,10760,131.50
base,4998,3.747258,,10923,131.53
base,4999,3.751467,,11048,131.55
base,5000,,1.165758,,
sft,0,,1.0174,,
sft,1,1.817033,,6496,0.00
sft,2,5.473115,,11052,0.00
sft,3,6.019664,,11010,0.00
sft,4,6.121520,,11076,0.00
sft,5,6.169227,,10936,0.00
sft,6,6.144121,,11000,0.00
sft,7,6.049717,,10865,0.00
sft,8,5.944581,,11041,0.00
sft,9,5.902769,,10989,0.00
sft,10,5.852226,,10909,0.00
sft,11,5.776022,,10873,0.03
sft,12,5.739937,,10916,0.05
sft,13,5.657535,,10782,0.08
sft,14,5.550800,,10832,0.10
sft,15,5.474723,,10856,0.13
sft,16,5.417098,,10963,0.15
sft,17,5.378817,,11232,0.18
sft,18,5.343087,,10780,0.20
sft,19,5.375785,,11040,0.23
sft,20,5.329651,,11017,0.25
sft,21,5.250349,,10545,0.28
sft,22,5.141745,,9998,0.30
sft,23,5.104595,,9483,0.33
sft,24,5.089206,,9605,0.36
sft,25,5.034736,,9531,0.39
sft,26,4.974130,,9542,0.42
sft,27,4.915598,,9733,0.45
sft,28,4.878025,,9546,0.47
sft,29,4.836676,,11033,0.50
sft,30,4.815304,,10125,0.53
sft,31,4.794586,,9954,0.55
sft,32,4.772627,,10664,0.58
sft,33,4.670185,,10714,0.60
sft,34,4.689180,,10781,0.63
sft,35,4.652431,,10764,0.66
sft,36,4.608195,,10635,0.68
sft,37,4.559339,,10485,0.71
sft,38,4.523541,,10628,0.73
sft,39,4.489213,,10589,0.76
sft,40,4.453238,,10834,0.78
sft,41,4.386787,,10104,0.81
sft,42,4.365549,,10703,0.84
sft,43,4.349801,,9766,0.86
sft,44,4.367675,,10523,0.89
sft,45,4.319615,,10750,0.92
sft,46,4.229251,,10915,0.94
sft,47,4.176152,,10741,0.97
sft,48,4.133491,,10791,0.99
sft,49,4.129563,,10694,1.02
sft,50,4.112618,,10441,1.04
sft,51,4.091719,,10382,1.07
sft,52,4.147897,,10574,1.09
sft,53,4.080249,,10561,1.12
sft,54,4.054996,,10218,1.15
sft,55,4.045061,,10468,1.17
sft,56,3.991729,,10020,1.20
sft,57,3.957480,,9695,1.23
sft,58,3.918715,,10464,1.26
sft,59,3.925298,,10398,1.28
sft,60,3.924037,,10447,1.31
sft,61,3.922783,,10096,1.33
sft,62,3.902232,,10505,1.36
sft,63,3.833745,,10299,1.39
sft,64,3.811280,,10453,1.41
sft,65,3.816868,,9960,1.44
sft,66,3.759453,,10415,1.47
sft,67,3.749534,,10619,1.49
sft,68,3.663668,,10542,1.52
sft,69,3.696500,,10385,1.54
sft,70,3.676621,,10693,1.57
sft,71,3.682109,,10262,1.60
sft,72,3.689631,,10513,1.62
sft,73,3.634130,,10391,1.65
sft,74,3.569631,,10103,1.68
sft,75,3.534563,,10261,1.70
sft,76,3.537962,,10558,1.73
sft,77,3.544795,,10629,1.75
sft,78,3.488586,,10661,1.78
sft,79,3.524447,,10665,1.81
sft,80,3.557363,,10789,1.83
sft,81,3.525948,,10458,1.86
sft,82,3.473403,,10598,1.88
sft,83,3.440575,,10845,1.91
sft,84,3.488826,,10507,1.93
sft,85,3.473699,,10365,1.96
sft,86,3.439534,,10352,1.99
sft,87,3.434460,,10405,2.01
sft,88,3.398289,,10464,2.04
sft,89,3.412527,,10395,2.07
sft,90,3.390738,,10477,2.09
sft,91,3.337335,,10585,2.12
sft,92,3.332206,,10567,2.14
sft,93,3.340259,,10368,2.17
sft,94,3.353429,,10424,2.20
sft,95,3.328557,,10578,2.22
sft,96,3.307132,,10487,2.25
sft,97,3.306049,,10597,2.27
sft,98,3.308425,,10454,2.30
sft,99,3.292488,,10347,2.33
sft,100,3.258907,,10497,2.35
sft,101,3.271363,,10559,2.38
sft,102,3.314409,,10649,2.40
sft,103,3.314323,,10368,2.43
sft,104,3.263994,,10470,2.46
sft,105,3.276106,,10534,2.48
sft,106,3.299020,,10550,2.51
sft,107,3.266227,,10499,2.53
sft,108,3.228880,,10533,2.56
sft,109,3.218070,,10324,2.59
sft,110,3.196243,,10705,2.61
sft,111,3.202894,,10529,2.64
sft,112,3.143111,,10558,2.66
sft,113,3.128542,,10357,2.69
sft,114,3.155872,,10650,2.71
sft,115,3.143340,,10559,2.74
sft,116,3.123210,,10499,2.77
sft,117,3.175933,,10750,2.79
sft,118,3.194324,,10420,2.82
sft,119,3.144614,,10725,2.84
sft,120,3.132595,,10654,2.87
sft,121,3.117175,,10499,2.90
sft,122,3.147308,,10563,2.92
sft,123,3.132386,,10610,2.95
sft,124,3.188586,,10593,2.97
sft,125,3.155346,,10481,3.00
sft,126,3.156122,,10584,3.02
sft,127,3.155630,,10568,3.05
sft,128,3.124457,,10528,3.08
sft,129,3.105679,,10557,3.10
sft,130,3.122985,,10708,3.13
sft,131,3.111942,,10358,3.15
sft,132,3.145066,,10442,3.18
sft,133,3.131240,,10086,3.21
sft,134,3.124197,,10476,3.23
sft,135,3.103801,,10452,3.26
sft,136,3.087369,,10041,3.29
sft,137,3.040292,,10616,3.31
sft,138,3.075346,,10654,3.34
sft,139,3.059785,,9624,3.37
sft,140,3.072881,,10090,3.39
sft,141,3.062308,,10398,3.42
sft,142,3.119131,,9770,3.45
sft,143,3.078310,,9900,3.48
sft,144,3.047946,,9633,3.50
sft,145,3.048648,,10656,3.53
sft,146,3.173942,,10849,3.55
sft,147,3.165353,,10892,3.58
sft,148,3.179993,,10658,3.61
sft,149,3.187072,,10696,3.63
sft,150,3.194895,,10572,3.66
sft,151,3.178232,,10890,3.68
sft,152,3.194859,,10385,3.71
sft,153,3.188694,,10793,3.73
sft,154,3.194731,,10263,3.76
sft,155,3.188180,,10661,3.79
sft,156,3.158290,,10367,3.81
sft,157,3.151262,,9856,3.84
sft,158,3.099948,,9870,3.87
sft,159,3.124621,,9923,3.89
sft,160,3.152373,,9797,3.92
sft,161,3.133019,,9818,3.95
sft,162,3.132608,,10695,3.98
sft,163,3.135633,,10718,4.00
sft,164,3.129328,,10707,4.03
sft,165,3.056259,,10724,4.05
sft,166,3.012520,,10624,4.08
sft,167,2.986730,,10857,4.10
sft,168,2.945832,,10688,4.13
sft,169,2.924382,,10791,4.15
sft,170,2.952373,,10737,4.18
sft,171,2.960551,,10692,4.21
sft,172,2.971364,,10850,4.23
sft,173,2.984204,,9550,4.26
sft,174,2.962117,,9121,4.29
sft,175,3.015728,,9659,4.32
sft,176,2.995240,,9226,4.35
sft,177,2.952391,,9516,4.38
sft,178,2.980049,,9380,4.40
sft,179,3.027064,,9663,4.43
sft,180,2.991604,,10800,4.46
sft,181,2.974462,,9219,4.49
sft,182,2.922804,,10060,4.51
sft,183,2.898653,,10378,4.54
sft,184,2.914735,,10864,4.57
sft,185,2.966376,,11002,4.59
sft,186,2.923186,,10797,4.62
sft,187,2.905501,,10754,4.64
sft,188,2.893168,,10668,4.67
sft,189,2.887417,,10805,4.69
sft,190,2.906503,,10706,4.72
sft,191,2.888997,,10418,4.74
sft,192,2.895453,,10062,4.77
sft,193,2.920827,,10742,4.80
sft,194,2.920472,,10180,4.82
sft,195,2.914865,,9540,4.85
sft,196,2.902953,,10364,4.88
sft,197,2.885326,,10885,4.90
sft,198,2.839747,,10780,4.93
sft,199,2.805334,,10777,4.95
sft,200,2.783189,1.0580,10628,4.98
sft,201,2.871624,,10443,5.01
sft,202,2.894222,,10598,5.03
sft,203,2.936373,,10015,5.06
sft,204,3.018064,,9760,5.09
sft,205,3.016622,,9007,5.12
sft,206,3.044480,,10242,5.14
sft,207,3.005719,,10015,5.17
sft,208,3.004216,,9731,5.20
sft,209,2.974139,,10261,5.23
sft,210,2.949579,,10409,5.25
sft,211,2.952695,,10366,5.28
sft,212,2.934181,,9547,5.31
sft,213,2.956267,,10507,5.33
sft,214,2.970707,,10245,5.36
sft,215,2.959653,,10214,5.39
sft,216,2.921104,,10179,5.41
sft,217,2.945268,,10323,5.44
sft,218,2.889144,,10269,5.47
sft,219,2.937231,,10358,5.49
sft,220,3.008325,,10179,5.52
sft,221,3.010158,,10322,5.55
sft,222,2.982749,,10225,5.57
sft,223,2.924951,,9314,5.60
sft,224,2.917959,,9857,5.63
sft,225,2.898410,,9729,5.66
sft,226,2.872910,,10428,5.68
sft,227,2.875106,,10068,5.71
sft,228,2.873695,,9921,5.74
sft,229,2.854641,,10380,5.77
sft,230,2.837480,,9043,5.80
sft,231,2.876753,,10421,5.82
sft,232,2.889380,,10297,5.85
sft,233,2.894027,,10234,5.87
sft,234,2.906358,,10504,5.90
sft,235,2.929235,,10409,5.93
sft,236,2.836455,,10516,5.95
sft,237,2.834266,,8858,5.98
sft,238,2.814363,,9414,6.01
sft,239,2.811871,,9657,6.04
sft,240,2.811750,,9373,6.07
sft,241,2.821767,,9519,6.10
sft,242,2.812065,,8895,6.13
sft,243,2.790957,,9824,6.16
sft,244,2.781618,,10009,6.18
sft,245,2.805697,,10049,6.21
sft,246,2.870517,,9786,6.24
sft,247,2.904862,,9811,6.27
sft,248,2.921827,,10270,6.29
sft,249,2.958981,,10108,6.32
sft,250,2.917663,,10156,6.35
sft,251,2.911009,,10118,6.37
sft,252,2.894506,,9864,6.40
sft,253,2.963329,,10120,6.43
sft,254,2.956710,,9909,6.46
sft,255,2.946617,,10357,6.48
sft,256,2.958855,,10190,6.51
sft,257,2.911668,,9677,6.54
sft,258,2.915556,,9963,6.57
sft,259,2.906665,,10086,6.59
sft,260,2.898575,,9962,6.62
sft,261,2.923086,,10304,6.65
sft,262,2.950778,,9982,6.67
sft,263,2.958178,,9951,6.70
sft,264,2.972020,,9940,6.73
sft,265,2.971793,,10717,6.75
sft,266,2.956003,,10545,6.78
sft,267,2.977153,,11025,6.81
sft,268,2.943753,,10746,6.83
sft,269,2.945521,,10306,6.86
sft,270,2.881599,,10366,6.88
sft,271,2.861891,,10478,6.91
sft,272,2.833660,,10696,6.94
sft,273,2.860089,,10712,6.96
sft,274,2.895677,,10776,6.99
sft,275,2.886650,,10516,7.01
sft,276,2.875699,,10519,7.04
sft,277,2.813724,,10534,7.06
sft,278,2.829065,,10682,7.09
sft,279,2.857910,,10347,7.12
sft,280,2.846124,,10474,7.14
sft,281,2.799914,,10197,7.17
sft,282,2.818476,,10576,7.19
sft,283,2.836727,,10765,7.22
sft,284,2.826883,,10783,7.25
sft,285,2.800353,,10938,7.27
sft,286,2.790878,,10675,7.30
sft,287,2.814557,,10552,7.32
sft,288,2.835043,,10107,7.35
sft,289,2.794027,,10871,7.37
sft,290,2.762979,,10736,7.40
sft,291,2.790389,,10704,7.42
sft,292,2.791335,,10782,7.45
sft,293,2.788002,,10585,7.48
sft,294,2.783547,,10151,7.50
sft,295,2.737591,,10502,7.53
sft,296,2.736220,,10692,7.55
sft,297,2.735536,,10743,7.58
sft,298,2.782258,,10002,7.61
sft,299,2.736696,,10316,7.63
sft,300,2.792406,,10542,7.66
sft,301,2.767717,,10714,7.68
sft,302,2.743280,,9995,7.71
sft,303,2.749701,,10819,7.74
sft,304,2.759765,,10581,7.76
sft,305,2.784703,,10606,7.79
sft,306,2.841440,,10163,7.82
sft,307,2.827801,,10569,7.84
sft,308,2.865152,,10761,7.87
sft,309,2.977392,,10855,7.89
sft,310,2.969238,,10878,7.92
sft,311,2.959256,,10773,7.94
sft,312,2.976041,,10541,7.97
sft,313,2.981821,,10613,7.99
sft,314,2.943648,,10871,8.02
sft,315,3.005204,,10900,8.04
sft,316,3.009540,,10771,8.07
sft,317,2.966867,,10832,8.09
sft,318,3.004019,,10727,8.12
sft,319,2.985806,,10778,8.15
sft,320,2.969923,,10765,8.17
sft,321,2.989585,,10822,8.20
sft,322,2.993615,,10863,8.22
sft,323,3.023099,,10714,8.25
sft,324,3.013757,,11038,8.27
sft,325,3.067621,,10738,8.30
sft,326,3.038048,,10854,8.32
sft,327,3.072232,,10767,8.35
sft,328,3.033771,,10893,8.37
sft,329,2.974915,,10862,8.40
sft,330,2.993157,,10870,8.42
sft,331,2.952978,,10700,8.45
sft,332,2.963865,,10911,8.47
sft,333,2.955783,,10694,8.50
sft,334,2.947417,,10847,8.52
sft,335,2.930746,,10927,8.55
sft,336,2.917858,,10894,8.57
sft,337,2.933221,,10790,8.60
sft,338,2.920569,,10758,8.62
sft,339,2.914428,,10842,8.65
sft,340,2.886931,,11051,8.67
sft,341,2.880877,,10941,8.70
sft,342,2.898653,,10849,8.72
sft,343,2.925420,,10953,8.75
sft,344,2.915956,,10968,8.77
sft,345,2.983470,,10884,8.80
sft,346,2.975642,,10955,8.82
sft,347,2.951365,,10823,8.85
sft,348,2.868174,,10952,8.87
sft,349,2.860149,,10892,8.90
sft,350,2.813166,,10978,8.92
sft,351,2.831534,,10904,8.95
sft,352,2.794870,,10863,8.98
sft,353,2.783435,,10824,9.00
sft,354,2.791307,,10805,9.03
sft,355,2.797779,,10744,9.05
sft,356,2.823055,,10764,9.08
sft,357,2.796249,,10854,9.10
sft,358,2.778057,,11046,9.13
sft,359,2.821656,,10980,9.15
sft,360,2.764969,,11039,9.18
sft,361,2.796293,,10880,9.20
sft,362,2.814234,,10953,9.23
sft,363,2.863612,,10862,9.25
sft,364,2.874921,,10879,9.28
sft,365,2.881324,,10841,9.30
sft,366,2.839450,,10716,9.33
sft,367,2.833173,,10741,9.35
sft,368,2.833604,,10831,9.38
sft,369,2.834391,,10809,9.40
sft,370,2.778362,,10882,9.43
sft,371,2.847523,,10950,9.45
sft,372,2.828562,,10821,9.48
sft,373,2.824599,,10930,9.50
sft,374,2.860367,,10808,9.53
sft,375,2.820628,,10846,9.55
sft,376,2.802159,,10911,9.58
sft,377,2.837138,,10783,9.60
sft,378,2.819165,,10841,9.63
sft,379,2.800532,,10697,9.65
sft,380,2.804149,,10895,9.68
sft,381,2.803761,,10754,9.70
sft,382,2.826453,,10801,9.73
sft,383,2.805169,,10941,9.76
sft,384,2.808560,,10806,9.78
sft,385,2.817573,,10796,9.81
sft,386,2.808762,,10815,9.83
sft,387,2.763828,,10848,9.86
sft,388,2.813977,,10796,9.88
sft,389,2.823822,,10995,9.91
sft,390,2.775746,,10756,9.93
sft,391,2.764919,,10988,9.96
sft,392,2.761341,,10835,9.98
sft,393,2.725036,,10927,10.01
sft,394,2.712968,,10777,10.03
sft,395,2.684755,,10800,10.06
sft,396,2.714863,,10748,10.08
sft,397,2.713876,,10690,10.11
sft,398,2.725199,,10933,10.13
sft,399,2.744146,,10963,10.16
sft,400,2.772887,0.9914,10951,10.18
sft,401,2.744857,,10914,10.21
sft,402,2.682859,,10835,10.23
sft,403,2.670237,,10865,10.26
sft,404,2.644767,,10859,10.28
sft,405,2.704053,,10904,10.31
sft,406,2.760858,,10875,10.33
sft,407,2.799783,,11011,10.36
sft,408,2.789597,,10896,10.38
sft,409,2.805987,,11110,10.41
sft,410,2.794021,,10777,10.43
sft,411,2.826715,,10872,10.46
sft,412,2.831830,,10954,10.48
sft,413,2.788379,,10795,10.51
sft,414,2.820278,,11020,10.53
sft,415,2.821269,,10932,10.56
sft,416,2.865136,,11061,10.58
sft,417,2.888118,,10888,10.61
sft,418,2.904073,,10378,10.63
sft,419,2.886319,,10676,10.66
sft,420,2.891409,,10613,10.69
sft,421,2.872274,,10708,10.71
sft,422,2.924096,,10765,10.74
sft,423,2.851694,,10948,10.76
sft,424,2.857127,,10808,10.79
sft,425,2.822691,,11007,10.81
sft,426,2.867509,,10809,10.84
sft,427,2.863832,,10796,10.86
sft,428,2.798334,,10833,10.89
sft,429,2.756826,,10924,10.91
sft,430,2.749014,,10916,10.94
sft,431,2.756509,,10834,10.96
sft,432,2.780013,,10515,10.99
sft,433,2.751880,,10845,11.01
sft,434,2.750537,,11056,11.04
sft,435,2.740214,,10825,11.06
sft,436,2.737264,,10936,11.09
sft,437,2.739659,,10764,11.11
sft,438,2.725492,,10755,11.14
sft,439,2.719952,,10787,11.16
sft,440,2.706259,,10838,11.19
sft,441,2.699848,,10799,11.22
sft,442,2.741598,,10888,11.24
sft,443,2.722269,,10895,11.27
sft,444,2.730911,,10916,11.29
sft,445,2.728124,,10835,11.32
sft,446,2.813650,,10729,11.34
sft,447,2.821153,,10704,11.37
sft,448,2.746175,,10745,11.39
sft,449,2.697512,,10834,11.42
sft,450,2.727454,,10867,11.44
sft,451,2.681549,,10827,11.47
sft,452,2.685231,,10860,11.49
sft,453,2.626052,,10192,11.52
sft,454,2.625728,,10761,11.54
sft,455,2.641852,,10622,11.57
sft,456,2.628288,,10711,11.60
sft,457,2.617580,,10460,11.62
sft,458,2.613184,,10741,11.65
sft,459,2.573656,,10797,11.67
sft,460,2.596646,,10678,11.70
sft,461,2.622456,,10926,11.72
sft,462,2.628126,,10613,11.75
sft,463,2.589236,,10861,11.77
sft,464,2.655935,,10974,11.80
sft,465,2.662390,,10695,11.82
sft,466,2.668578,,10814,11.85
sft,467,2.652761,,10909,11.88
sft,468,2.630653,,10759,11.90
sft,469,2.701908,,10631,11.93
sft,470,2.677271,,10902,11.95
sft,471,2.671502,,11001,11.98
sft,472,2.672157,,10764,12.00
sft,473,2.638912,,10842,12.03
sft,474,2.665716,,10748,12.05
sft,475,2.642139,,10712,12.08
sft,476,2.604290,,10747,12.10
sft,477,2.625198,,10881,12.13
sft,478,2.633410,,10463,12.15
sft,479,2.646172,,10667,12.18
sft,480,2.636051,,10584,12.21
sft,481,2.632605,,10563,12.23
sft,482,2.628583,,10551,12.26
sft,483,2.654480,,10751,12.28
sft,484,2.724096,,10710,12.31
sft,485,2.697166,,10776,12.33
sft,486,2.784136,,10767,12.36
sft,487,2.800572,,10606,12.38
sft,488,2.799652,,10492,12.41
sft,489,2.755921,,10711,12.44
sft,490,2.765104,,10604,12.46
sft,491,2.745325,,10819,12.49
sft,492,2.779094,,10610,12.51
sft,493,2.747904,,10550,12.54
sft,494,2.730346,,9418,12.57
sft,495,2.703912,,9907,12.60
sft,496,2.673907,,10149,12.62
sft,497,2.667141,,9749,12.65
sft,498,2.649772,,10040,12.68
sft,499,2.708163,,10092,12.70
sft,500,2.689994,,9631,12.73
sft,501,2.672964,,9768,12.76
sft,502,2.646944,,10181,12.79
sft,503,2.658405,,10195,12.81
sft,504,2.613331,,10425,12.84
sft,505,2.635495,,10329,12.87
sft,506,2.630779,,10552,12.89
sft,507,2.619154,,10488,12.92
sft,508,2.676370,,10619,12.94
sft,509,2.603503,,10448,12.97
sft,510,2.620506,,10352,13.00
sft,511,2.616098,,10450,13.02
sft,512,2.598622,,10245,13.05
sft,513,2.605674,,10517,13.08
sft,514,2.659803,,10628,13.10
sft,515,2.652420,,10549,13.13
sft,516,2.640053,,10585,13.15
sft,517,2.607561,,10624,13.18
sft,518,2.604008,,10476,13.20
sft,519,2.631202,,10727,13.23
sft,520,2.648417,,10325,13.26
sft,521,2.674723,,10452,13.28
sft,522,2.669008,,10652,13.31
sft,523,2.703769,,10609,13.33
sft,524,2.690919,,10372,13.36
sft,525,2.713313,,10361,13.39
sft,526,2.735793,,10596,13.41
sft,527,2.707700,,10904,13.44
sft,528,2.711592,,10720,13.46
sft,529,2.738105,,10866,13.49
sft,530,2.728075,,10842,13.51
sft,531,2.709116,,10705,13.54
sft,532,2.755170,,9808,13.57
sft,533,2.713932,,9960,13.59
sft,534,2.704693,,10188,13.62
sft,535,2.722845,,10453,13.65
sft,536,2.700946,,10238,13.67
sft,537,2.747172,,10221,13.70
sft,538,2.735829,,10253,13.73
sft,539,2.763906,,10299,13.75
sft,540,2.777875,,10080,13.78
sft,541,2.762409,,10811,13.81
sft,542,2.735969,,10703,13.83
sft,543,2.702759,,10946,13.86
sft,544,2.713949,,10272,13.88
sft,545,2.700038,,9923,13.91
sft,546,2.753315,,10059,13.94
sft,547,2.754693,,10176,13.96
sft,548,2.729389,,10398,13.99
sft,549,2.772348,,10327,14.02
sft,550,2.810376,,10375,14.04
sft,551,2.786991,,10132,14.07
sft,552,2.769187,,10635,14.10
sft,553,2.767683,,10652,14.12
sft,554,2.769629,,10480,14.15
sft,555,2.712794,,10099,14.18
sft,556,2.672382,,9910,14.20
sft,557,2.640938,,9980,14.23
sft,558,2.617033,,10137,14.26
sft,559,2.603166,,10125,14.28
sft,560,2.611399,,9971,14.31
sft,561,2.643289,,9930,14.34
sft,562,2.642547,,9889,14.37
sft,563,2.609064,,10100,14.39
sft,564,2.630896,,10078,14.42
sft,565,2.637474,,9788,14.45
sft,566,2.667267,,10029,14.48
sft,567,2.699633,,10056,14.50
sft,568,2.671111,,9518,14.53
sft,569,2.600678,,10503,14.56
sft,570,2.626125,,10729,14.58
sft,571,2.659205,,10581,14.61
sft,572,2.629917,,10706,14.63
sft,573,2.631036,,10708,14.66
sft,574,2.662584,,10488,14.69
sft,575,2.619189,,10616,14.71
sft,576,2.589221,,10553,14.74
sft,577,2.590890,,10763,14.76
sft,578,2.646483,,10713,14.79
sft,579,2.617279,,10443,14.81
sft,580,2.705578,,10710,14.84
sft,581,2.719059,,10540,14.87
sft,582,2.728466,,10596,14.89
sft,583,2.684978,,10609,14.92
sft,584,2.783963,,10724,14.94
sft,585,2.766675,,10665,14.97
sft,586,2.752759,,10837,14.99
sft,587,2.742832,,10783,15.02
sft,588,2.792051,,10893,15.04
sft,589,2.742647,,10591,15.07
sft,590,2.755302,,10545,15.10
sft,591,2.724998,,10680,15.12
sft,592,2.791908,,10735,15.15
sft,593,2.824020,,10554,15.17
sft,594,2.809594,,10889,15.20
sft,595,2.772917,,10892,15.22
sft,596,2.743743,,10948,15.25
sft,597,2.739369,,11031,15.27
sft,598,2.770219,,10434,15.30
sft,599,2.722914,,10905,15.32
sft,600,2.755285,0.9513,10624,15.35
sft,601,2.695409,,10656,15.37
sft,602,2.708766,,10593,15.40
sft,603,2.712026,,10534,15.43
sft,604,2.687170,,10680,15.45
sft,605,2.602564,,10727,15.48
sft,606,2.669161,,10510,15.50
sft,607,2.658800,,10591,15.53
sft,608,2.665947,,10708,15.55
sft,609,2.706855,,10802,15.58
sft,610,2.657886,,10557,15.61
sft,611,2.719219,,10537,15.63
sft,612,2.691215,,10090,15.66
sft,613,2.632929,,10135,15.69
sft,614,2.644710,,9730,15.71
sft,615,2.709387,,9921,15.74
sft,616,2.672022,,10077,15.77
sft,617,2.701685,,10098,15.80
sft,618,2.697123,,10077,15.82
sft,619,2.645871,,9891,15.85
sft,620,2.677406,,10295,15.88
sft,621,2.672103,,9869,15.90
sft,622,2.713436,,9934,15.93
sft,623,2.785579,,9866,15.96
sft,624,2.776521,,10106,15.99
sft,625,2.759780,,10082,16.01
sft,626,2.749755,,10076,16.04
sft,627,2.777849,,10141,16.07
sft,628,2.725506,,9064,16.10
sft,629,2.696992,,9739,16.13
sft,630,2.659400,,9879,16.15
sft,631,2.581626,,9410,16.18
sft,632,2.659227,,9882,16.21
sft,633,2.677710,,9899,16.24
sft,634,2.686441,,9693,16.27
sft,635,2.618589,,9883,16.29
sft,636,2.654166,,10387,16.32
sft,637,2.686935,,10099,16.35
sft,638,2.667104,,9884,16.37
sft,639,2.725983,,9778,16.40
sft,640,2.687232,,9698,16.43
sft,641,2.673190,,10109,16.46
sft,642,2.656780,,9501,16.49
sft,643,2.689655,,9823,16.51
sft,644,2.706252,,9790,16.54
sft,645,2.753296,,9521,16.57
sft,646,2.717909,,9597,16.60
sft,647,2.693735,,9889,16.63
sft,648,2.679098,,9610,16.66
sft,649,2.688400,,9725,16.68
sft,650,2.700297,,9823,16.71
sft,651,2.675509,,9697,16.74
sft,652,2.702653,,9677,16.77
sft,653,2.719211,,9394,16.80
sft,654,2.722809,,9841,16.82
sft,655,2.678247,,9950,16.85
sft,656,2.619624,,10143,16.88
sft,657,2.672057,,10210,16.91
sft,658,2.700160,,10005,16.93
sft,659,2.675396,,10589,16.96
sft,660,2.649217,,9710,16.99
sft,661,2.670329,,9997,17.01
sft,662,2.644344,,10053,17.04
sft,663,2.641971,,9754,17.07
sft,664,2.634107,,9928,17.10
sft,665,2.607525,,9620,17.12
sft,666,2.614809,,9891,17.15
sft,667,2.658726,,10086,17.18
sft,668,2.613162,,9829,17.21
sft,669,2.588738,,10538,17.23
sft,670,2.590008,,10828,17.26
sft,671,2.593386,,10769,17.28
sft,672,2.621424,,10279,17.31
sft,673,2.626003,,10863,17.34
sft,674,2.614916,,10510,17.36
sft,675,2.620925,,10950,17.39
sft,676,2.570736,,10697,17.41
sft,677,2.601037,,10687,17.44
sft,678,2.621454,,10632,17.46
sft,679,2.620461,,10644,17.49
sft,680,2.601411,,10945,17.51
sft,681,2.607199,,10695,17.54
sft,682,2.580833,,10951,17.56
sft,683,2.585976,,10747,17.59
sft,684,2.547500,,10828,17.61
sft,685,2.530064,,10883,17.64
sft,686,2.553569,,10616,17.67
sft,687,2.535266,,10806,17.69
sft,688,2.508510,,10702,17.72
sft,689,2.472649,,10823,17.74
sft,690,2.496863,,10861,17.77
sft,691,2.539944,,10845,17.79
sft,692,2.509772,,10797,17.82
sft,693,2.478121,,10680,17.84
sft,694,2.507317,,10815,17.87
sft,695,2.508695,,10798,17.89
sft,696,2.569475,,11032,17.92
sft,697,2.579010,,10912,17.94
sft,698,2.594429,,10956,17.97
sft,699,2.589746,,10989,17.99
sft,700,2.549885,,10827,18.02
sft,701,2.547100,,10999,18.04
sft,702,2.560428,,10712,18.07
sft,703,2.525123,,10890,18.09
sft,704,2.528587,,10667,18.12
sft,705,2.517651,,10845,18.14
sft,706,2.525228,,10953,18.17
sft,707,2.514650,,10736,18.19
sft,708,2.504568,,10986,18.22
sft,709,2.476278,,10759,18.25
sft,710,2.451612,,10709,18.27
sft,711,2.450857,,10788,18.30
sft,712,2.474304,,10722,18.32
sft,713,2.524094,,10852,18.35
sft,714,2.561957,,10876,18.37
sft,715,2.662907,,10902,18.40
sft,716,2.678016,,10938,18.42
sft,717,2.682038,,10875,18.45
sft,718,2.729030,,10920,18.47
sft,719,2.748644,,10868,18.50
sft,720,2.724778,,10593,18.52
sft,721,2.687723,,10860,18.55
sft,722,2.713436,,10724,18.57
sft,723,2.699334,,10225,18.60
sft,724,2.643227,,10754,18.63
sft,725,2.629517,,10588,18.65
sft,726,2.627442,,10414,18.68
sft,727,2.634469,,10466,18.70
sft,728,2.635684,,10405,18.73
sft,729,2.626115,,10849,18.75
sft,730,2.606128,,10648,18.78
sft,731,2.656038,,10638,18.81
sft,732,2.664077,,10663,18.83
sft,733,2.700407,,10706,18.86
sft,734,2.686150,,10668,18.88
sft,735,2.647143,,10785,18.91
sft,736,2.649495,,10699,18.93
sft,737,2.658831,,10967,18.96
sft,738,2.659196,,10897,18.98
sft,739,2.695345,,10469,19.01
sft,740,2.709167,,10692,19.04
sft,741,2.721359,,10635,19.06
sft,742,2.721199,,10760,19.09
sft,743,2.720870,,10578,19.11
sft,744,2.664131,,10467,19.14
sft,745,2.642988,,10789,19.16
sft,746,2.622763,,10779,19.19
sft,747,2.614923,,10669,19.21
sft,748,2.587969,,10649,19.24
sft,749,2.660727,,9716,19.27
sft,750,2.654309,,8825,19.30
sft,751,2.622968,,9604,19.33
sft,752,2.615504,,10252,19.35
sft,753,2.594878,,9691,19.38
sft,754,2.688150,,9418,19.41
sft,755,2.669211,,10477,19.44
sft,756,2.658013,,10440,19.46
sft,757,2.640401,,10178,19.49
sft,758,2.648192,,9411,19.52
sft,759,2.646998,,9997,19.55
sft,760,2.595888,,10138,19.57
sft,761,2.607493,,10358,19.60
sft,762,2.553690,,10444,19.63
sft,763,2.545920,,10501,19.65
sft,764,2.508829,,10127,19.68
sft,765,2.480734,,10299,19.71
sft,766,2.469832,,10473,19.73
sft,767,2.427290,,10632,19.76
sft,768,2.443900,,10026,19.78
sft,769,2.443312,,10016,19.81
sft,770,2.517464,,10305,19.84
sft,771,2.489948,,10148,19.87
sft,772,2.479664,,9950,19.89
sft,773,2.457817,,9950,19.92
sft,774,2.391414,,10129,19.95
sft,775,2.452830,,9992,19.97
sft,776,2.449308,,10090,20.00
sft,777,2.501610,,10259,20.03
sft,778,2.568180,,10252,20.05
sft,779,2.615627,,10298,20.08
sft,780,2.605285,,9922,20.11
sft,781,2.583863,,9256,20.14
sft,782,2.610176,,10683,20.16
sft,783,2.615704,,10328,20.19
sft,784,2.666977,,10735,20.22
sft,785,2.663237,,10321,20.24
sft,786,2.650189,,10690,20.27
sft,787,2.634247,,10286,20.29
sft,788,2.721857,,10491,20.32
sft,789,2.714047,,10663,20.35
sft,790,2.699430,,10269,20.37
sft,791,2.666831,,10527,20.40
sft,792,2.680800,,10886,20.42
sft,793,2.694724,,10355,20.45
sft,794,2.656246,,10288,20.48
sft,795,2.625351,,10623,20.50
sft,796,2.629922,,10506,20.53
sft,797,2.581207,,10657,20.55
sft,798,2.541359,,10814,20.58
sft,799,2.575574,,10562,20.60
sft,800,2.546944,0.9141,10454,20.63
sft,801,2.506786,,10748,20.66
sft,802,2.505285,,11014,20.68
sft,803,2.471501,,10755,20.71
sft,804,2.449767,,10903,20.73
sft,805,2.466024,,10810,20.76
sft,806,2.501885,,10738,20.78
sft,807,2.548119,,10588,20.81
sft,808,2.578706,,10703,20.83
sft,809,2.500512,,10626,20.86
sft,810,2.498185,,10486,20.89
sft,811,2.533717,,10614,20.91
sft,812,2.533620,,10605,20.94
sft,813,2.630403,,10524,20.96
sft,814,2.628302,,10771,20.99
sft,815,2.690580,,10128,21.02
sft,816,2.641287,,9996,21.04
sft,817,2.556172,,10090,21.07
sft,818,2.506228,,10024,21.10
sft,819,2.591624,,10210,21.12
sft,820,2.589183,,10115,21.15
sft,821,2.584342,,10021,21.18
sft,822,2.635101,,10176,21.20
sft,823,2.589384,,10022,21.23
sft,824,2.607225,,10024,21.26
sft,825,2.571849,,10109,21.29
sft,826,2.501248,,9965,21.31
sft,827,2.518254,,10029,21.34
sft,828,2.503104,,10085,21.37
sft,829,2.495123,,10018,21.39
sft,830,2.486436,,10104,21.42
sft,831,2.601810,,9966,21.45
sft,832,2.530127,,10017,21.48
sft,833,2.488122,,10194,21.50
sft,834,2.470278,,9971,21.53
sft,835,2.549592,,9973,21.56
sft,836,2.583580,,10131,21.59
sft,837,2.535299,,10017,21.61
sft,838,2.541570,,9941,21.64
sft,839,2.518295,,9933,21.67
sft,840,2.490199,,10117,21.69
sft,841,2.483685,,10129,21.72
sft,842,2.549303,,10043,21.75
sft,843,2.486238,,9861,21.78
sft,844,2.463921,,9497,21.80
sft,845,2.500647,,9813,21.83
sft,846,2.534159,,10140,21.86
sft,847,2.534668,,10257,21.89
sft,848,2.543687,,9969,21.91
sft,849,2.542417,,10675,21.94
sft,850,2.507413,,10066,21.97
sft,851,2.483119,,10065,21.99
sft,852,2.470462,,9974,22.02
sft,853,2.464630,,10679,22.05
sft,854,2.430880,,10817,22.07
sft,855,2.421355,,10633,22.10
sft,856,2.400980,,10608,22.12
sft,857,2.469633,,10852,22.15
sft,858,2.490280,,10839,22.17
sft,859,2.522444,,10698,22.20
sft,860,2.469000,,10648,22.22
sft,861,2.488110,,10787,22.25
sft,862,2.530627,,10797,22.28
sft,863,2.565592,,10658,22.30
sft,864,2.557293,,10894,22.33
sft,865,2.551699,,10399,22.35
sft,866,2.573321,,10952,22.38
sft,867,2.554382,,10751,22.40
sft,868,2.514794,,10906,22.43
sft,869,2.531451,,10911,22.45
sft,870,2.465310,,10785,22.48
sft,871,2.438525,,10746,22.50
sft,872,2.487534,,10776,22.53
sft,873,2.501286,,10874,22.55
sft,874,2.460813,,10873,22.58
sft,875,2.447735,,10950,22.60
sft,876,2.427928,,10735,22.63
sft,877,2.501668,,10942,22.65
sft,878,2.504743,,10657,22.68
sft,879,2.481842,,10994,22.70
sft,880,2.476214,,10746,22.73
sft,881,2.450649,,10840,22.76
sft,882,2.471862,,10898,22.78
sft,883,2.460784,,10935,22.81
sft,884,2.451250,,10875,22.83
sft,885,2.492951,,10658,22.86
sft,886,2.476748,,10747,22.88
sft,887,2.455706,,10831,22.91
sft,888,2.472691,,10674,22.93
sft,889,2.445528,,10842,22.96
sft,890,2.436633,,10925,22.98
sft,891,2.536087,,10874,23.01
sft,892,2.568812,,10674,23.03
sft,893,2.564946,,10903,23.06
sft,894,2.535627,,10598,23.08
sft,895,2.496581,,10840,23.11
sft,896,2.516986,,10825,23.13
sft,897,2.436323,,10887,23.16
sft,898,2.417509,,10779,23.18
sft,899,2.414592,,10609,23.21
sft,900,2.411735,,10504,23.24
sft,901,2.416000,,10400,23.26
sft,902,2.463930,,10258,23.29
sft,903,2.428188,,10723,23.31
sft,904,2.481903,,10676,23.34
sft,905,2.460529,,10627,23.37
sft,906,2.531766,,10517,23.39
sft,907,2.512229,,10641,23.42
sft,908,2.479158,,10706,23.44
sft,909,2.473828,,10641,23.47
sft,910,2.489352,,10750,23.49
sft,911,2.467877,,10548,23.52
sft,912,2.464971,,10618,23.55
sft,913,2.465191,,10639,23.57
sft,914,2.482750,,10442,23.60
sft,915,2.497961,,10680,23.62
sft,916,2.490945,,10504,23.65
sft,917,2.483941,,10528,23.68
sft,918,2.497090,,10677,23.70
sft,919,2.490191,,10254,23.73
sft,920,2.476645,,10065,23.75
sft,921,2.468461,,10081,23.78
sft,922,2.576745,,9828,23.81
sft,923,2.600718,,9981,23.84
sft,924,2.655502,,9897,23.86
sft,925,2.631243,,10058,23.89
sft,926,2.610830,,9982,23.92
sft,927,2.644502,,10260,23.95
sft,928,2.642875,,10164,23.97
sft,929,2.610113,,9924,24.00
sft,930,2.660750,,10083,24.03
sft,931,2.690307,,10157,24.05
sft,932,2.658938,,10260,24.08
sft,933,2.620443,,10193,24.11
sft,934,2.591196,,9984,24.13
sft,935,2.563213,,9736,24.16
sft,936,2.528086,,10098,24.19
sft,937,2.473712,,10399,24.22
sft,938,2.498976,,10598,24.24
sft,939,2.467696,,10927,24.27
sft,940,2.470930,,10944,24.29
sft,941,2.449057,,10883,24.32
sft,942,2.486916,,10818,24.34
sft,943,2.442046,,10863,24.37
sft,944,2.451680,,10800,24.39
sft,945,2.397047,,10718,24.42
sft,946,2.411614,,10788,24.44
sft,947,2.407636,,10839,24.47
sft,948,2.379009,,10739,24.49
sft,949,2.435756,,10988,24.52
sft,950,2.416846,,10859,24.54
sft,951,2.424099,,10879,24.57
sft,952,2.422621,,10752,24.59
sft,953,2.434743,,10367,24.62
sft,954,2.396480,,10318,24.65
sft,955,2.409380,,10450,24.67
sft,956,2.396210,,10534,24.70
sft,957,2.364708,,10876,24.72
sft,958,2.396249,,10674,24.75
sft,959,2.445648,,10530,24.78
sft,960,2.372667,,10811,24.80
sft,961,2.415226,,10654,24.83
sft,962,2.437632,,10242,24.85
sft,963,2.495759,,10107,24.88
sft,964,2.484504,,9823,24.91
sft,965,2.522604,,9999,24.94
sft,966,2.520195,,10196,24.96
sft,967,2.536431,,9786,24.99
sft,968,2.564180,,9996,25.02
sft,969,2.508673,,9907,25.04
sft,970,2.459162,,9678,25.07
sft,971,2.436362,,10217,25.10
sft,972,2.428892,,9988,25.13
sft,973,2.400003,,10146,25.15
sft,974,2.467873,,10330,25.18
sft,975,2.458332,,9738,25.21
sft,976,2.451184,,10023,25.24
sft,977,2.447732,,10832,25.26
sft,978,2.400340,,10283,25.29
sft,979,2.401679,,10686,25.31
sft,980,2.405541,,10766,25.34
sft,981,2.357467,,10428,25.36
sft,982,2.374232,,10800,25.39
sft,983,2.346272,,10502,25.42
sft,984,2.303306,,10505,25.44
sft,985,2.269850,,10826,25.47
sft,986,2.278315,,10829,25.49
sft,987,2.301948,,10658,25.52
sft,988,2.309677,,10421,25.54
sft,989,2.351740,,9396,25.57
sft,990,2.345083,,10798,25.60
sft,991,2.376066,,10885,25.62
sft,992,2.367534,,10880,25.65
sft,993,2.421230,,10695,25.67
sft,994,2.433877,,10182,25.70
sft,995,2.387872,,10824,25.73
sft,996,2.371026,,10913,25.75
sft,997,2.383563,,10948,25.78
sft,998,2.363582,,10714,25.80
sft,999,2.420187,,10404,25.83
sft,1000,2.418937,0.8483,10685,25.85
sft,1001,2.423689,,11002,25.88
sft,1002,2.420547,,10769,25.90
sft,1003,2.349110,,10859,25.93
sft,1004,2.337367,,10885,25.95
sft,1005,2.317232,,10660,25.98
sft,1006,2.312525,,10897,26.00
sft,1007,2.290884,,10772,26.03
sft,1008,2.328919,,10850,26.06
sft,1009,2.328042,,11023,26.08
sft,1010,2.337021,,10883,26.11
sft,1011,2.342883,,11051,26.13
sft,1012,2.342077,,10766,26.16
sft,1013,2.342804,,11061,26.18
sft,1014,2.347181,,10758,26.21
sft,1015,2.323359,,10919,26.23
sft,1016,2.362453,,10641,26.26
sft,1017,2.389226,,10882,26.28
sft,1018,2.383459,,10743,26.31
sft,1019,2.392079,,10915,26.33
sft,1020,2.351132,,10801,26.36
sft,1021,2.346650,,10825,26.38
sft,1022,2.325925,,10703,26.41
sft,1023,2.272545,,10799,26.43
sft,1024,2.245445,,10827,26.46
sft,1025,2.217132,,10868,26.48
sft,1026,2.228241,,10911,26.51
sft,1027,2.222990,,10432,26.53
sft,1028,2.239057,,10963,26.56
sft,1029,2.254067,,10713,26.58
sft,1030,2.243183,,10729,26.61
sft,1031,2.253080,,10611,26.64
sft,1032,2.196311,,10855,26.66
sft,1033,2.182757,,10748,26.69
sft,1034,2.196484,,10770,26.71
sft,1035,2.191742,,10552,26.74
sft,1036,2.220368,,10710,26.76
sft,1037,2.319220,,10693,26.79
sft,1038,2.299905,,10838,26.81
sft,1039,2.313615,,10821,26.84
sft,1040,2.313257,,10747,26.86
sft,1041,2.315079,,10994,26.89
sft,1042,2.322481,,10760,26.91
sft,1043,2.371319,,10802,26.94
sft,1044,2.325966,,10840,26.97
sft,1045,2.360958,,10687,26.99
sft,1046,2.369659,,10686,27.02
sft,1047,2.373295,,10784,27.04
sft,1048,2.397920,,10841,27.07
sft,1049,2.376373,,10708,27.09
sft,1050,2.354106,,10868,27.12
sft,1051,2.379413,,10813,27.14
sft,1052,2.331680,,10828,27.17
sft,1053,2.290267,,10780,27.19
sft,1054,2.342404,,10782,27.22
sft,1055,2.383651,,10898,27.24
sft,1056,2.349686,,10599,27.27
sft,1057,2.377372,,10762,27.29
sft,1058,2.393810,,10816,27.32
sft,1059,2.431911,,10775,27.35
sft,1060,2.409806,,10675,27.37
sft,1061,2.424065,,10909,27.40
sft,1062,2.440808,,10599,27.42
sft,1063,2.488960,,10509,27.45
sft,1064,2.516227,,10370,27.47
sft,1065,2.571607,,10237,27.50
sft,1066,2.524014,,10105,27.53
sft,1067,2.499731,,10737,27.55
sft,1068,2.433826,,10685,27.58
sft,1069,2.451533,,11267,27.60
sft,1070,2.411789,,10747,27.63
sft,1071,2.365256,,10772,27.65
sft,1072,2.289308,,10874,27.68
sft,1073,2.296925,,10698,27.70
sft,1074,2.242555,,10826,27.73
sft,1075,2.253531,,10775,27.75
sft,1076,2.272585,,10729,27.78
sft,1077,2.213287,,10807,27.81
sft,1078,2.231105,,10732,27.83
sft,1079,2.252314,,10810,27.86
sft,1080,2.211047,,10668,27.88
sft,1081,2.222454,,10878,27.91
sft,1082,2.216552,,10763,27.93
sft,1083,2.174751,,10720,27.96
sft,1084,2.216961,,10833,27.98
sft,1085,2.221432,,10762,28.01
sft,1086,2.249143,,10678,28.03
sft,1087,2.294339,,10096,28.06
sft,1088,2.339942,,10630,28.09
sft,1089,2.349120,,10460,28.11
sft,1090,2.293622,,10343,28.14
sft,1091,2.270536,,10316,28.17
sft,1092,2.298774,,9841,28.19
sft,1093,2.343297,,10123,28.22
sft,1094,2.305013,,10256,28.25
sft,1095,2.241029,,10293,28.27
sft,1096,2.265088,,10576,28.30
sft,1097,2.285222,,10681,28.32
sft,1098,2.316698,,10879,28.35
sft,1099,2.327646,,10721,28.38
sft,1100,2.320218,,10744,28.40
sft,1101,2.288746,,10862,28.43
sft,1102,2.298780,,10782,28.45
sft,1103,2.295591,,10973,28.48
sft,1104,2.292834,,10784,28.50
sft,1105,2.293294,,10670,28.53
sft,1106,2.232086,,10591,28.55
sft,1107,2.251651,,10838,28.58
sft,1108,2.251587,,10954,28.60
sft,1109,2.269016,,10832,28.63
sft,1110,2.236282,,10963,28.65
sft,1111,2.259047,,10629,28.68
sft,1112,2.238418,,10477,28.70
sft,1113,2.230673,,10700,28.73
sft,1114,2.210677,,10903,28.76
sft,1115,2.204548,,10716,28.78
sft,1116,2.249534,,10782,28.81
sft,1117,2.237143,,10603,28.83
sft,1118,2.251012,,10169,28.86
sft,1119,2.245847,,10618,28.88
sft,1120,2.241599,,10605,28.91
sft,1121,2.202734,,10410,28.94
sft,1122,2.263993,,10294,28.96
sft,1123,2.306717,,10004,28.99
sft,1124,2.289353,,10562,29.02
sft,1125,2.278986,,10367,29.04
sft,1126,2.227315,,10577,29.07
sft,1127,2.210742,,10780,29.09
sft,1128,2.190515,,10173,29.12
sft,1129,2.203914,,10372,29.15
sft,1130,2.231641,,10421,29.17
sft,1131,2.274303,,10435,29.20
sft,1132,2.286254,,11035,29.22
sft,1133,2.236371,,10224,29.25
sft,1134,2.244166,,10445,29.28
sft,1135,2.297613,,10694,29.30
sft,1136,2.297163,,10385,29.33
sft,1137,2.264649,,10070,29.36
sft,1138,2.229852,,9840,29.38
sft,1139,2.237071,,10157,29.41
sft,1140,2.243236,,10364,29.44
sft,1141,2.233169,,10242,29.46
sft,1142,2.180758,,10224,29.49
sft,1143,2.208505,,9912,29.52
sft,1144,2.273544,,10049,29.54
sft,1145,2.247774,,9941,29.57
sft,1146,2.275256,,10318,29.60
sft,1147,2.294019,,10324,29.63
sft,1148,2.278979,,10885,29.65
sft,1149,2.265956,,10643,29.68
sft,1150,2.279938,,10096,29.70
sft,1151,2.323973,,10161,29.73
sft,1152,2.274525,,10550,29.76
sft,1153,2.257563,,10957,29.78
sft,1154,2.233934,,10856,29.81
sft,1155,2.251147,,10833,29.83
sft,1156,2.249642,,10812,29.86
sft,1157,2.272582,,10007,29.88
sft,1158,2.252621,,10616,29.91
sft,1159,2.284360,,10227,29.94
sft,1160,2.326729,,10800,29.96
sft,1161,2.312888,,10501,29.99
sft,1162,2.324950,,9775,30.02
sft,1163,2.307905,,10652,30.04
sft,1164,2.312307,,10472,30.07
sft,1165,2.345450,,10090,30.09
sft,1166,2.409636,,9947,30.12
sft,1167,2.368613,,9745,30.15
sft,1168,2.365247,,9530,30.18
sft,1169,2.350128,,9593,30.21
sft,1170,2.404484,,9884,30.23
sft,1171,2.368233,,9454,30.26
sft,1172,2.346163,,10043,30.29
sft,1173,2.376643,,9986,30.32
sft,1174,2.359850,,10031,30.34
sft,1175,2.317048,,9955,30.37
sft,1176,2.272078,,8866,30.40
sft,1177,2.228941,,10202,30.43
sft,1178,2.181373,,10242,30.46
sft,1179,2.190571,,9782,30.48
sft,1180,2.190508,,9824,30.51
sft,1181,2.261856,,10343,30.54
sft,1182,2.271409,,10852,30.56
sft,1183,2.287166,,10911,30.59
sft,1184,2.256822,,10519,30.61
sft,1185,2.257958,,10694,30.64
sft,1186,2.247370,,10861,30.67
sft,1187,2.247189,,10381,30.69
sft,1188,2.335970,,10429,30.72
sft,1189,2.304151,,10197,30.74
sft,1190,2.307617,,9930,30.77
sft,1191,2.276654,,10444,30.80
sft,1192,2.287543,,10981,30.82
sft,1193,2.232386,,10587,30.85
sft,1194,2.202938,,10826,30.87
sft,1195,2.184316,,10317,30.90
sft,1196,2.183039,,10760,30.93
sft,1197,2.165409,,10905,30.95
sft,1198,2.164174,,10114,30.98
sft,1199,2.216155,,9995,31.01
sft,1200,2.246522,0.7950,10542,31.03
sft,1201,2.264945,,9707,31.06
sft,1202,2.299183,,10487,31.09
sft,1203,2.272415,,9965,31.11
sft,1204,2.257225,,9954,31.14
sft,1205,2.238836,,10036,31.17
sft,1206,2.200745,,9784,31.20
sft,1207,2.211602,,10279,31.22
sft,1208,2.164103,,10036,31.25
sft,1209,2.191713,,9684,31.28
sft,1210,2.213326,,10182,31.30
sft,1211,2.231350,,9943,31.33
sft,1212,2.244605,,10488,31.36
sft,1213,2.262168,,9292,31.39
sft,1214,2.238924,,10579,31.41
sft,1215,2.236893,,9902,31.44
sft,1216,2.239146,,10761,31.47
sft,1217,2.260495,,10735,31.49
sft,1218,2.281981,,10789,31.52
sft,1219,2.224980,,10876,31.54
sft,1220,2.209042,,10709,31.57
sft,1221,2.185883,,10768,31.59
sft,1222,2.149956,,10836,31.62
sft,1223,2.159549,,10794,31.64
sft,1224,2.197013,,10697,31.67
sft,1225,2.232692,,10526,31.69
sft,1226,2.188515,,10624,31.72
sft,1227,2.251070,,10479,31.75
sft,1228,2.237197,,10567,31.77
sft,1229,2.198035,,10442,31.80
sft,1230,2.146933,,10536,31.82
sft,1231,2.161540,,10921,31.85
sft,1232,2.181957,,10500,31.88
sft,1233,2.149501,,10635,31.90
sft,1234,2.154226,,9989,31.93
sft,1235,2.200502,,9931,31.96
sft,1236,2.205113,,9848,31.98
sft,1237,2.204501,,9978,32.01
sft,1238,2.178326,,10082,32.04
sft,1239,2.169965,,8860,32.07
sft,1240,2.208282,,9829,32.10
sft,1241,2.216183,,10093,32.12
sft,1242,2.253784,,9908,32.15
sft,1243,2.291340,,9526,32.18
sft,1244,2.289196,,10191,32.21
sft,1245,2.339823,,9627,32.23
sft,1246,2.337177,,9775,32.26
sft,1247,2.342678,,9931,32.29
sft,1248,2.306965,,9365,32.32
sft,1249,2.285811,,10170,32.35
sft,1250,2.284112,,10107,32.37
sft,1251,2.299917,,10114,32.40
sft,1252,2.307186,,10295,32.43
sft,1253,2.323337,,10915,32.45
sft,1254,2.328294,,11046,32.48
sft,1255,2.275048,,10744,32.50
sft,1256,2.263942,,10285,32.53
sft,1257,2.278524,,10712,32.55
sft,1258,2.255116,,10444,32.58
sft,1259,2.278548,,10666,32.61
sft,1260,2.277696,,10631,32.63
sft,1261,2.259807,,10668,32.66
sft,1262,2.220540,,10521,32.68
sft,1263,2.205980,,10614,32.71
sft,1264,2.206590,,10568,32.73
sft,1265,2.219423,,10472,32.76
sft,1266,2.268150,,10017,32.79
sft,1267,2.282664,,8862,32.82
sft,1268,2.259200,,10042,32.85
sft,1269,2.200715,,10096,32.87
sft,1270,2.149606,,10198,32.90
sft,1271,2.149778,,10020,32.93
sft,1272,2.107573,,9544,32.96
sft,1273,2.119035,,9676,32.98
sft,1274,2.133450,,10206,33.01
sft,1275,2.122646,,10260,33.04
sft,1276,2.099623,,10003,33.06
sft,1277,2.122997,,10018,33.09
sft,1278,2.147364,,10036,33.12
sft,1279,2.104627,,10447,33.15
sft,1280,2.057661,,10448,33.17
sft,1281,2.095753,,10137,33.20
sft,1282,2.062293,,10207,33.22
sft,1283,2.097277,,9620,33.25
sft,1284,2.102794,,10122,33.28
sft,1285,2.092459,,10370,33.31
sft,1286,2.053828,,10380,33.33
sft,1287,2.051559,,10081,33.36
sft,1288,2.123950,,10456,33.39
sft,1289,2.098858,,10397,33.41
sft,1290,2.103339,,10457,33.44
sft,1291,2.146585,,10631,33.46
sft,1292,2.163310,,10457,33.49
sft,1293,2.207155,,10433,33.52
sft,1294,2.207443,,10560,33.54
sft,1295,2.153260,,10444,33.57
sft,1296,2.144146,,10494,33.59
sft,1297,2.204231,,10659,33.62
sft,1298,2.178855,,10539,33.65
sft,1299,2.124145,,10017,33.67
sft,1300,2.126637,,10503,33.70
sft,1301,2.116299,,10455,33.73
sft,1302,2.143660,,10189,33.75
sft,1303,2.114452,,10682,33.78
sft,1304,2.159742,,10548,33.80
sft,1305,2.167791,,9408,33.83
sft,1306,2.180222,,8153,33.87
sft,1307,2.169058,,9219,33.90
sft,1308,2.170736,,10173,33.92
sft,1309,2.128306,,9650,33.95
sft,1310,2.078163,,10130,33.98
sft,1311,2.103658,,10081,34.01
sft,1312,2.140099,,9988,34.03
sft,1313,2.142000,,9978,34.06
sft,1314,2.134390,,9696,34.09
sft,1315,2.138571,,10082,34.11
sft,1316,2.117295,,9891,34.14
sft,1317,2.133060,,10599,34.17
sft,1318,2.101352,,10873,34.19
sft,1319,2.097891,,10503,34.22
sft,1320,2.101608,,10624,34.25
sft,1321,2.046535,,10644,34.27
sft,1322,2.030204,,10562,34.30
sft,1323,2.101617,,9737,34.32
sft,1324,2.144211,,9992,34.35
sft,1325,2.128916,,10729,34.38
sft,1326,2.094388,,10534,34.40
sft,1327,2.118366,,10561,34.43
sft,1328,2.094992,,10692,34.45
sft,1329,2.095386,,10616,34.48
sft,1330,2.079214,,10717,34.51
sft,1331,2.049501,,10723,34.53
sft,1332,2.056902,,10737,34.56
sft,1333,2.078713,,10551,34.58
sft,1334,2.084922,,10485,34.61
sft,1335,2.090232,,10717,34.63
sft,1336,2.060750,,10660,34.66
sft,1337,2.039437,,10653,34.69
sft,1338,2.044322,,10592,34.71
sft,1339,2.046451,,10642,34.74
sft,1340,2.051409,,10124,34.76
sft,1341,2.084111,,10007,34.79
sft,1342,2.105712,,9944,34.82
sft,1343,2.100955,,9949,34.85
sft,1344,2.070755,,9888,34.87
sft,1345,2.109252,,9860,34.90
sft,1346,2.085168,,9351,34.93
sft,1347,2.088278,,9938,34.96
sft,1348,2.100411,,10089,34.99
sft,1349,2.174334,,9987,35.01
sft,1350,2.183311,,10125,35.04
sft,1351,2.196888,,10049,35.07
sft,1352,2.203906,,10036,35.09
sft,1353,2.174773,,10239,35.12
sft,1354,2.179435,,9946,35.15
sft,1355,2.142313,,9911,35.18
sft,1356,2.139904,,10089,35.20
sft,1357,2.118623,,10016,35.23
sft,1358,2.125115,,10117,35.26
sft,1359,2.118281,,10181,35.28
sft,1360,2.112583,,9934,35.31
sft,1361,2.178239,,10081,35.34
sft,1362,2.159390,,10082,35.37
sft,1363,2.180243,,10048,35.39
sft,1364,2.249493,,10172,35.42
sft,1365,2.236007,,10067,35.45
sft,1366,2.261398,,9986,35.47
sft,1367,2.224478,,9983,35.50
sft,1368,2.183627,,9629,35.53
sft,1369,2.253360,,9688,35.56
sft,1370,2.239534,,9962,35.59
sft,1371,2.195817,,9744,35.61
sft,1372,2.200581,,9710,35.64
sft,1373,2.142342,,9856,35.67
sft,1374,2.120920,,9837,35.70
sft,1375,2.173443,,9516,35.73
sft,1376,2.175649,,9472,35.75
sft,1377,2.131496,,9611,35.78
sft,1378,2.096909,,9868,35.81
sft,1379,2.094062,,9830,35.84
sft,1380,2.052499,,9774,35.87
sft,1381,2.040930,,9791,35.89
sft,1382,2.091157,,9670,35.92
sft,1383,2.107777,,9846,35.95
sft,1384,2.116868,,9831,35.98
sft,1385,2.182498,,9840,36.01
sft,1386,2.203717,,9349,36.03
sft,1387,2.182814,,9638,36.06
sft,1388,2.154381,,9628,36.09
sft,1389,2.127697,,9800,36.12
sft,1390,2.141222,,9908,36.15
sft,1391,2.117934,,9817,36.17
sft,1392,2.107858,,10147,36.20
sft,1393,2.120962,,9604,36.23
sft,1394,2.147943,,9807,36.26
sft,1395,2.165507,,10510,36.28
sft,1396,2.224345,,10485,36.31
sft,1397,2.199819,,10195,36.34
sft,1398,2.158992,,10623,36.36
sft,1399,2.113627,,10565,36.39
sft,1400,2.112651,0.7486,10905,36.41
sft,1401,2.128661,,10633,36.44
sft,1402,2.086680,,10686,36.46
sft,1403,2.061133,,10687,36.49
sft,1404,2.093825,,10757,36.52
sft,1405,2.053725,,10609,36.54
sft,1406,2.048801,,10637,36.57
sft,1407,2.048138,,10868,36.59
sft,1408,2.084118,,10695,36.62
sft,1409,2.090783,,10652,36.64
sft,1410,2.142468,,10604,36.67
sft,1411,2.102462,,10731,36.69
sft,1412,2.129962,,10760,36.72
sft,1413,2.152641,,10569,36.75
sft,1414,2.149210,,10736,36.77
sft,1415,2.167593,,10761,36.80
sft,1416,2.125535,,10570,36.82
sft,1417,2.117370,,10664,36.85
sft,1418,2.121282,,10412,36.87
sft,1419,2.119615,,10703,36.90
sft,1420,2.114158,,10619,36.93
sft,1421,2.122190,,10753,36.95
sft,1422,2.099435,,10614,36.98
sft,1423,2.089699,,10536,37.00
sft,1424,2.103743,,10836,37.03
sft,1425,2.090156,,9377,37.06
sft,1426,2.094877,,10125,37.08
sft,1427,2.076190,,10468,37.11
sft,1428,2.051798,,10362,37.14
sft,1429,2.002917,,9826,37.16
sft,1430,1.994453,,9804,37.19
sft,1431,1.941805,,10366,37.22
sft,1432,1.947912,,10506,37.24
sft,1433,1.997159,,10081,37.27
sft,1434,2.014664,,10304,37.30
sft,1435,2.070365,,9918,37.32
sft,1436,2.027401,,10409,37.35
sft,1437,2.034600,,9299,37.38
sft,1438,1.995190,,10336,37.41
sft,1439,1.994835,,9735,37.44
sft,1440,1.999576,,10398,37.46
sft,1441,1.961749,,10629,37.49
sft,1442,1.943555,,10680,37.51
sft,1443,1.978611,,10698,37.54
sft,1444,1.952200,,10826,37.56
sft,1445,1.906117,,10010,37.59
sft,1446,1.905336,,9745,37.62
sft,1447,1.884408,,9763,37.65
sft,1448,1.881189,,10658,37.67
sft,1449,1.876938,,9359,37.70
sft,1450,1.901120,,8755,37.73
sft,1451,1.884345,,9712,37.76
sft,1452,1.939825,,10598,37.79
sft,1453,1.940070,,10129,37.81
sft,1454,2.011664,,9168,37.84
sft,1455,2.042305,,10261,37.87
sft,1456,2.053365,,10345,37.90
sft,1457,2.030436,,10144,37.92
sft,1458,2.004280,,10488,37.95
sft,1459,2.025508,,10460,37.98
sft,1460,2.064194,,10387,38.00
sft,1461,2.086715,,10736,38.03
sft,1462,2.106520,,10382,38.05
sft,1463,2.094211,,10542,38.08
sft,1464,2.127970,,10443,38.11
sft,1465,2.156082,,10373,38.13
sft,1466,2.142095,,10553,38.16
sft,1467,2.145328,,10361,38.18
sft,1468,2.111837,,10302,38.21
sft,1469,2.126673,,9876,38.24
sft,1470,2.073390,,9749,38.27
sft,1471,2.124494,,9968,38.29
sft,1472,2.122321,,9878,38.32
sft,1473,2.109634,,10017,38.35
sft,1474,2.123900,,9846,38.38
sft,1475,2.153559,,9989,38.40
sft,1476,2.150526,,9916,38.43
sft,1477,2.160388,,9959,38.46
sft,1478,2.147634,,10010,38.49
sft,1479,2.145989,,10237,38.51
sft,1480,2.177011,,9815,38.54
sft,1481,2.170497,,10175,38.57
sft,1482,2.145211,,10365,38.59
sft,1483,2.101080,,9854,38.62
sft,1484,2.084803,,10072,38.65
sft,1485,2.091653,,9652,38.68
sft,1486,2.096558,,9844,38.70
sft,1487,2.107173,,9972,38.73
sft,1488,2.150076,,9869,38.76
sft,1489,2.155721,,9916,38.79
sft,1490,2.140055,,9521,38.82
sft,1491,2.161542,,9494,38.84
sft,1492,2.137895,,9729,38.87
sft,1493,2.073720,,10054,38.90
sft,1494,2.105495,,9675,38.93
sft,1495,2.101427,,9712,38.96
sft,1496,2.094071,,9956,38.98
sft,1497,2.095949,,9730,39.01
sft,1498,2.052968,,10294,39.04
sft,1499,2.026530,0.7389,9325,39.07
